Time (s),Average Speed (px/s),Dominant Direction
1.0,0.7674772,North
2.0,0.8544327,North
3.0,0.97229177,North
4.0,0.74654365,North
5.0,0.6030241,North
6.0,0.5057947,North
7.0,0.43548986,North
8.0,0.3824397,North
9.0,0.3434014,North
10.0,0.3112371,North
11.0,0.28382137,North
12.0,0.26148418,North
13.0,0.24226901,North
14.0,0.22975717,North
15.0,0.21814805,North
16.0,0.2263017,North
17.0,0.24113674,North
18.0,0.2841224,North
19.0,0.28949004,North
20.0,0.29289317,North
21.0,0.3037886,North
22.0,0.32944587,North
23.0,0.3362091,North
24.0,0.33104712,North
25.0,0.3193386,North
26.0,0.3161839,North
27.0,0.31784606,North
28.0,0.3234573,North
29.0,0.32217285,North
30.0,0.31474507,North
31.0,0.3066923,North
32.0,0.32581252,North
33.0,0.33158013,North
34.0,0.3475392,North
35.0,0.34521598,North
36.0,0.33584943,North
37.0,0.3271174,North
38.0,0.3186249,North
39.0,0.31136397,North
40.0,0.30384952,North
41.0,0.29651678,North
42.0,0.28966603,North
43.0,0.2830896,North
44.0,0.27685001,North
45.0,0.27078292,North
46.0,0.26516727,North
47.0,0.26054075,North
48.0,0.25603685,North
49.0,0.25164658,North
50.0,0.2468385,North
51.0,0.24219614,North
52.0,0.23878942,North
53.0,0.23435342,North
54.0,0.23029144,North
55.0,0.22626431,North
56.0,0.22229631,North
57.0,0.21853752,North
58.0,0.21485834,North
59.0,0.21177231,North
60.0,0.20844652,North
61.0,0.20513968,North
62.0,0.20197214,North
63.0,0.19888015,North
64.0,0.19690938,North
65.0,0.19408661,North
66.0,0.19153735,North
67.0,0.19089118,North
68.0,0.19002791,North
69.0,0.18962066,North
70.0,0.18757926,North
71.0,0.18511145,North
72.0,0.18264298,North
73.0,0.18035947,North
74.0,0.17923966,North
75.0,0.18455319,North
76.0,0.19065592,North
77.0,0.18866538,North
78.0,0.18640153,North
79.0,0.18450145,North
80.0,0.1824341,North
81.0,0.18026239,North
82.0,0.17814413,North
83.0,0.1760679,North
84.0,0.17412736,North
85.0,0.17216548,North
86.0,0.17023183,North
87.0,0.16836438,North
88.0,0.1665481,North
89.0,0.16519016,North
90.0,0.16345167,North
91.0,0.16176441,North
92.0,0.16007476,North
93.0,0.15841122,North
94.0,0.15694919,North
95.0,0.15549788,North
96.0,0.15403934,North
97.0,0.1526726,North
98.0,0.15328331,North
99.0,0.15291984,North
100.0,0.15171425,North
101.0,0.1509886,North
102.0,0.15046309,North
103.0,0.1490972,North
104.0,0.14774026,North
105.0,0.14638707,North
106.0,0.14511351,North
107.0,0.14379716,North
108.0,0.14251599,North
109.0,0.14170626,North
110.0,0.14159542,North
111.0,0.14331053,North
112.0,0.14577052,North
113.0,0.1464629,North
114.0,0.1477241,North
115.0,0.15084657,North
116.0,0.15264224,North
117.0,0.15152267,North
118.0,0.15061584,North
119.0,0.15177011,North
120.0,0.15112682,North
121.0,0.1501139,North
122.0,0.14929552,North
123.0,0.14864612,North
124.0,0.14759384,North
125.0,0.14657372,North
126.0,0.14571325,North
127.0,0.14626722,North
128.0,0.14686118,North
129.0,0.14854243,North
130.0,0.1495766,North
131.0,0.15131176,North
132.0,0.1520035,North
133.0,0.15226623,North
134.0,0.15130647,North
135.0,0.15093541,North
136.0,0.15005305,North
137.0,0.1492191,North
138.0,0.1482444,North
139.0,0.1472584,North
140.0,0.14638256,North
141.0,0.14537925,North
142.0,0.14439829,North
143.0,0.1434347,North
144.0,0.14254308,North
145.0,0.1416551,North
146.0,0.14080033,North
147.0,0.1399927,North
148.0,0.13910389,North
149.0,0.13839236,North
150.0,0.13755175,North
151.0,0.13670619,North
152.0,0.13584335,North
153.0,0.13504207,North
154.0,0.13423994,North
155.0,0.13343094,North
156.0,0.13291253,North
157.0,0.1325061,North
158.0,0.1330119,North
159.0,0.13277549,North
160.0,0.13291454,North
161.0,0.13267878,North
162.0,0.13250157,North
163.0,0.1321441,North
164.0,0.13157646,North
165.0,0.13148983,North
166.0,0.13089357,North
167.0,0.13041487,North
168.0,0.12984617,North
169.0,0.1295055,North
170.0,0.12884928,North
171.0,0.12817025,North
172.0,0.12745522,North
173.0,0.12674591,North
174.0,0.12609917,North
175.0,0.12540317,North
176.0,0.12472958,North
177.0,0.12407043,North
178.0,0.12341431,North
179.0,0.122961745,North
180.0,0.12230788,North
181.0,0.121656425,North
182.0,0.1210084,North
183.0,0.120366216,North
184.0,0.11973688,North
185.0,0.11912536,North
186.0,0.11850652,North
187.0,0.11790949,North
188.0,0.11730681,North
189.0,0.116885446,North
190.0,0.116338305,North
191.0,0.1157557,North
192.0,0.115231134,North
193.0,0.11600349,North
194.0,0.11544953,North
195.0,0.11488564,North
196.0,0.11436086,North
197.0,0.11404984,North
198.0,0.11355756,North
199.0,0.113142945,North
200.0,0.11263504,North
201.0,0.11267162,North
202.0,0.11229339,North
203.0,0.111945376,North
204.0,0.111951545,North
205.0,0.11228826,North
206.0,0.11205531,North
207.0,0.11220823,North
208.0,0.11273118,North
209.0,0.11412677,North
210.0,0.11361287,North
211.0,0.11312748,North
212.0,0.112605736,North
213.0,0.11209524,North
214.0,0.11162207,North
215.0,0.111122414,North
216.0,0.11063637,North
217.0,0.11015314,North
218.0,0.109670155,North
219.0,0.10931519,North
220.0,0.10886253,North
221.0,0.10840575,North
222.0,0.10795426,North
223.0,0.10750573,North
224.0,0.10705785,North
225.0,0.10659686,North
226.0,0.106179155,North
227.0,0.10576361,North
228.0,0.10532296,North
229.0,0.10520862,North
230.0,0.104784384,North
231.0,0.10436424,North
232.0,0.10392807,North
233.0,0.103499554,North
234.0,0.10309156,North
235.0,0.10267326,North
236.0,0.10225158,North
237.0,0.101853356,North
238.0,0.10144666,North
239.0,0.101172015,North
240.0,0.1008111,North
241.0,0.100472674,North
242.0,0.10007242,North
243.0,0.099704936,North
244.0,0.09933832,North
245.0,0.09894855,North
246.0,0.09856016,North
247.0,0.098173104,North
248.0,0.09778924,North
249.0,0.09747678,North
250.0,0.09710149,North
251.0,0.096728995,North
252.0,0.09635513,North
253.0,0.095989645,North
254.0,0.095643535,North
255.0,0.09528273,North
256.0,0.09493217,North
257.0,0.09458769,North
258.0,0.094231755,North
259.0,0.09390652,North
260.0,0.093606964,North
261.0,0.09328377,North
262.0,0.09295503,North
263.0,0.09263631,North
264.0,0.09252943,North
265.0,0.092190765,North
266.0,0.09185616,North
267.0,0.09152676,North
268.0,0.09119451,North
269.0,0.090928555,North
270.0,0.090608105,North
271.0,0.09028469,North
272.0,0.08996519,North
273.0,0.089646116,North
274.0,0.08932895,North
275.0,0.089017116,North
276.0,0.088707216,North
277.0,0.0883971,North
278.0,0.08814008,North
279.0,0.08785164,North
280.0,0.087565586,North
281.0,0.087267525,North
282.0,0.08699601,North
283.0,0.086704195,North
284.0,0.08641041,North
285.0,0.086139366,North
286.0,0.08584936,North
287.0,0.08556302,North
288.0,0.0854451,North
289.0,0.085189484,North
290.0,0.084919736,North
291.0,0.08463693,North
292.0,0.08435902,North
293.0,0.08410168,North
294.0,0.08382881,North
295.0,0.083557636,North
296.0,0.08330282,North
297.0,0.08303347,North
298.0,0.08288485,North
299.0,0.08265524,North
300.0,0.0825782,North
301.0,0.0823177,North
302.0,0.08206346,North
303.0,0.08180835,North
304.0,0.08155737,North
305.0,0.08130285,North
306.0,0.08105467,North
307.0,0.08080182,North
308.0,0.08063442,North
309.0,0.08038497,North
310.0,0.08013686,North
311.0,0.079905145,North
312.0,0.07966957,North
313.0,0.07943406,North
314.0,0.07919347,North
315.0,0.07895216,North
316.0,0.07871214,North
317.0,0.07847341,North
318.0,0.07825237,North
319.0,0.078016296,North
320.0,0.0777833,North
321.0,0.07755003,North
322.0,0.077320345,North
323.0,0.07709058,North
324.0,0.076862514,North
325.0,0.076642506,North
326.0,0.076416366,North
327.0,0.07619526,North
328.0,0.07602608,North
329.0,0.075804904,North
330.0,0.07558623,North
331.0,0.07537022,North
332.0,0.075158685,North
333.0,0.074951425,North
334.0,0.07474707,North
335.0,0.07453726,North
336.0,0.07432587,North
337.0,0.07411564,North
338.0,0.073971875,North
339.0,0.07376398,North
340.0,0.073565505,North
341.0,0.07336271,North
342.0,0.07315919,North
343.0,0.07295681,North
344.0,0.07275694,North
345.0,0.07255746,North
346.0,0.0723664,North
347.0,0.072166756,North
348.0,0.07230101,North
349.0,0.072555475,North
350.0,0.07240043,North
351.0,0.07222679,North
352.0,0.072045155,North
353.0,0.07185284,North
354.0,0.07165976,North
355.0,0.071468815,North
356.0,0.07146977,North
357.0,0.07134303,North
358.0,0.071155734,North
359.0,0.07103088,North
360.0,0.07084679,North
361.0,0.07066573,North
362.0,0.07048673,North
363.0,0.07030215,North
364.0,0.07011816,North
365.0,0.06993576,North
366.0,0.069763206,North
367.0,0.06958291,North
368.0,0.06942703,North
369.0,0.06928602,North
370.0,0.06914222,North
371.0,0.0689634,North
372.0,0.068785995,North
373.0,0.068608776,North
374.0,0.0684345,North
375.0,0.06825862,North
376.0,0.06809778,North
377.0,0.067926526,North
378.0,0.06779604,North
379.0,0.06762563,North
380.0,0.06747415,North
381.0,0.06733392,North
382.0,0.0671644,North
383.0,0.06699767,North
384.0,0.066852115,North
385.0,0.066688545,North
386.0,0.066524334,North
387.0,0.06636737,North
388.0,0.06625842,North
389.0,0.06609596,North
390.0,0.06594639,North
391.0,0.0657978,North
392.0,0.065641955,North
393.0,0.06550221,North
394.0,0.06535862,North
395.0,0.065201916,North
396.0,0.065049164,North
397.0,0.06491022,North
398.0,0.06475757,North
399.0,0.06465535,North
400.0,0.06453243,North
401.0,0.06439403,North
402.0,0.06424328,North
403.0,0.06410919,North
404.0,0.06395964,North
405.0,0.06381026,North
406.0,0.0636771,North
407.0,0.06354854,North
408.0,0.06340001,North
409.0,0.06341383,North
410.0,0.06326988,North
411.0,0.06312544,North
412.0,0.062980756,North
413.0,0.0628369,North
414.0,0.06270877,North
415.0,0.06256894,North
416.0,0.06244089,North
417.0,0.0623154,North
418.0,0.062175833,North
419.0,0.06210801,North
420.0,0.06200158,North
421.0,0.06188202,North
422.0,0.061751384,North
423.0,0.061638888,North
424.0,0.06151786,North
425.0,0.0613822,North
426.0,0.061265443,North
427.0,0.061133202,North
428.0,0.06100019,North
429.0,0.06092848,North
430.0,0.060801636,North
431.0,0.060681146,North
432.0,0.060551748,North
433.0,0.060433343,North
434.0,0.06031105,North
435.0,0.060183015,North
436.0,0.060066916,North
437.0,0.0599472,North
438.0,0.059819557,North
439.0,0.05971922,North
440.0,0.059605204,North
441.0,0.059488546,North
442.0,0.059363887,North
443.0,0.059237048,North
444.0,0.059136048,North
445.0,0.059014328,North
446.0,0.05889075,North
447.0,0.058775917,North
448.0,0.05865762,North
449.0,0.058594387,North
450.0,0.058495034,North
451.0,0.0583911,North
452.0,0.058273878,North
453.0,0.058163885,North
454.0,0.058060702,North
455.0,0.05795461,North
456.0,0.057873152,North
457.0,0.05775813,North
458.0,0.057646163,North
459.0,0.057574693,North
460.0,0.057458688,North
461.0,0.057345692,North
462.0,0.057246596,North
463.0,0.057149366,North
464.0,0.057042006,North
465.0,0.056935225,North
466.0,0.05685272,North
467.0,0.056745794,North
468.0,0.056652445,North
469.0,0.056607455,North
470.0,0.056529395,North
471.0,0.056448083,North
472.0,0.056376733,North
473.0,0.056492817,North
474.0,0.056394648,North
475.0,0.056287922,North
476.0,0.056181286,North
477.0,0.056080736,North
478.0,0.056005284,North
479.0,0.055909764,North
480.0,0.055815924,North
481.0,0.055709146,North
482.0,0.05560231,North
483.0,0.05551648,North
484.0,0.055421177,North
485.0,0.05531737,North
486.0,0.055216163,North
487.0,0.055118967,North
488.0,0.055016454,North
489.0,0.054945644,North
490.0,0.054843392,North
491.0,0.05474923,North
492.0,0.054643575,North
493.0,0.054540206,North
494.0,0.054438703,North
495.0,0.05433727,North
496.0,0.054249257,North
497.0,0.054152805,North
498.0,0.05405247,North
499.0,0.053967394,North
500.0,0.05389274,North
501.0,0.053791646,North
502.0,0.053693596,North
503.0,0.053593103,North
504.0,0.053493235,North
505.0,0.05339415,North
506.0,0.05329526,North
507.0,0.053196926,North
508.0,0.0530995,North
509.0,0.05304427,North
510.0,0.05294951,North
511.0,0.05285234,North
512.0,0.05275556,North
513.0,0.0526608,North
514.0,0.052564677,North
515.0,0.052469514,North
516.0,0.052372765,North
517.0,0.052277926,North
518.0,0.052213512,North
519.0,0.052120805,North
520.0,0.052030697,North
521.0,0.05193769,North
522.0,0.051844455,North
523.0,0.051754717,North
524.0,0.051663,North
525.0,0.05157178,North
526.0,0.051483132,North
527.0,0.051392533,North
528.0,0.05131102,North
529.0,0.05129033,North
530.0,0.051203024,North
531.0,0.051112976,North
532.0,0.051030017,North
533.0,0.050945807,North
534.0,0.05090574,North
535.0,0.050842706,North
536.0,0.050806984,North
537.0,0.05073125,North
538.0,0.050651018,North
539.0,0.050614007,North
540.0,0.050527245,North
541.0,0.050443266,North
542.0,0.05054832,North
543.0,0.050462693,North
544.0,0.050376993,North
545.0,0.05029208,North
546.0,0.05020499,North
547.0,0.05011951,North
548.0,0.05003674,North
549.0,0.04999706,North
550.0,0.049916264,North
551.0,0.049832027,North
552.0,0.04975112,North
553.0,0.04967158,North
554.0,0.0495907,North
555.0,0.04950841,North
556.0,0.04942604,North
557.0,0.049343675,North
558.0,0.04926331,North
559.0,0.04919257,North
560.0,0.049111903,North
561.0,0.04903096,North
562.0,0.04895035,North
563.0,0.048868798,North
564.0,0.04879104,North
565.0,0.048708957,North
566.0,0.048730046,North
567.0,0.048655055,North
568.0,0.048576713,North
569.0,0.048528202,North
570.0,0.048450943,North
571.0,0.048388947,North
572.0,0.04835138,North
573.0,0.048434418,North
574.0,0.048536893,North
575.0,0.048625484,North
576.0,0.049334995,North
577.0,0.0492665,North
578.0,0.04935324,North
579.0,0.049536217,North
580.0,0.049608912,North
581.0,0.04973604,North
582.0,0.049917366,North
583.0,0.05001338,North
584.0,0.050273128,North
585.0,0.05039886,North
586.0,0.05053151,North
587.0,0.050644334,North
588.0,0.050867364,North
589.0,0.051064935,North
590.0,0.05122536,North
591.0,0.05160611,North
592.0,0.051800203,North
593.0,0.052028276,North
594.0,0.052059017,North
595.0,0.052049886,North
596.0,0.05203816,North
597.0,0.051967178,North
598.0,0.051931657,North
599.0,0.051992174,North
600.0,0.05200817,North
601.0,0.05196047,North
602.0,0.051936492,North
603.0,0.051910717,North
604.0,0.05195569,North
605.0,0.051918548,North
606.0,0.052032772,North
607.0,0.05208066,North
608.0,0.05219374,North
609.0,0.052362617,North
610.0,0.052401952,North
611.0,0.05243849,North
612.0,0.052387338,North
613.0,0.052322887,North
614.0,0.052248802,North
615.0,0.05218239,North
616.0,0.052121986,North
617.0,0.052060943,North
618.0,0.051996708,North
619.0,0.051939964,North
620.0,0.05186524,North
621.0,0.05179967,North
622.0,0.051729452,North
623.0,0.05167094,North
624.0,0.05160506,North
625.0,0.05153964,North
626.0,0.051468574,North
627.0,0.051399685,North
628.0,0.051328488,North
629.0,0.051287897,North
630.0,0.05121596,North
631.0,0.051149268,North
632.0,0.05108015,North
633.0,0.05101304,North
634.0,0.05094119,North
635.0,0.05089015,North
636.0,0.05084427,North
637.0,0.05078861,North
638.0,0.050718617,North
639.0,0.050662883,North
640.0,0.050599575,North
641.0,0.050529182,North
642.0,0.050466567,North
643.0,0.05040078,North
644.0,0.050335143,North
645.0,0.05027435,North
646.0,0.050207257,North
647.0,0.050152764,North
648.0,0.050086997,North
649.0,0.050055623,North
650.0,0.05000811,North
651.0,0.04994087,North
652.0,0.049873527,North
653.0,0.049811166,North
654.0,0.04975024,North
655.0,0.049680836,North
656.0,0.04962204,North
657.0,0.0496784,North
658.0,0.04966461,North
659.0,0.04961292,North
660.0,0.04958844,North
661.0,0.049601953,North
662.0,0.0495471,North
663.0,0.049488943,North
664.0,0.04942965,North
665.0,0.049371693,North
666.0,0.049315363,North
667.0,0.049256407,North
668.0,0.04927681,North
669.0,0.049210325,North
670.0,0.049148034,North
671.0,0.04908086,North
672.0,0.049017925,North
673.0,0.04895526,North
674.0,0.048890073,North
675.0,0.048825882,North
676.0,0.048764363,North
677.0,0.04870479,North
678.0,0.04866062,North
679.0,0.04876573,North
680.0,0.048817046,North
681.0,0.048877817,North
682.0,0.048853062,North
683.0,0.048970163,North
684.0,0.04891189,North
685.0,0.04884759,North
686.0,0.04878405,North
687.0,0.04872095,North
688.0,0.048900392,North
689.0,0.04884078,North
690.0,0.048907705,North
691.0,0.04911851,North
692.0,0.049586996,North
693.0,0.049777675,North
694.0,0.049792904,North
695.0,0.049848065,North
696.0,0.050037418,North
697.0,0.05004367,North
698.0,0.050254837,North
699.0,0.05050926,North
700.0,0.050676793,North
701.0,0.05139256,North
702.0,0.051746085,North
703.0,0.051786058,North
704.0,0.05197029,North
705.0,0.05221023,North
706.0,0.052220568,North
707.0,0.052321497,North
708.0,0.052488886,North
709.0,0.05274386,North
710.0,0.05317897,North
711.0,0.05317147,North
712.0,0.053626962,North
713.0,0.05379729,North
714.0,0.05431067,North
715.0,0.054570198,North
716.0,0.054697778,North
717.0,0.054756906,North
718.0,0.054828845,North
719.0,0.054877356,North
720.0,0.054857884,North
721.0,0.054821048,North
722.0,0.054811615,North
723.0,0.054944534,North
724.0,0.05508259,North
725.0,0.05526543,North
726.0,0.055218264,North
727.0,0.05521335,North
728.0,0.05517967,North
729.0,0.055153757,North
730.0,0.055093497,North
731.0,0.055075884,North
732.0,0.055261597,North
733.0,0.05523663,North
734.0,0.05517978,North
735.0,0.055157464,North
736.0,0.055145543,North
737.0,0.055088617,North
738.0,0.055044334,North
739.0,0.05516366,North
740.0,0.05600063,North
741.0,0.056640428,North
742.0,0.056747273,North
743.0,0.056789897,North
744.0,0.056786835,North
745.0,0.056869127,North
746.0,0.057110384,North
747.0,0.057143632,North
748.0,0.057154916,North
749.0,0.057128653,North
750.0,0.057076953,North
751.0,0.0570244,North
752.0,0.056966588,North
753.0,0.05691134,North
754.0,0.05690374,North
755.0,0.056906056,North
756.0,0.05686575,North
757.0,0.057127003,North
758.0,0.057202786,North
759.0,0.057461917,North
760.0,0.057699606,North
761.0,0.057814162,North
762.0,0.057768334,North
763.0,0.05780959,North
764.0,0.058028135,North
765.0,0.05811908,North
766.0,0.058169264,North
767.0,0.05850563,North
768.0,0.058954507,North
769.0,0.059332076,North
770.0,0.05958842,North
771.0,0.059956107,North
772.0,0.060489614,North
773.0,0.060714908,North
774.0,0.061017502,North
775.0,0.061264463,North
776.0,0.0615419,North
777.0,0.061716385,North
778.0,0.061976347,North
779.0,0.062194914,North
780.0,0.06229613,North
781.0,0.06274436,North
782.0,0.06308059,North
783.0,0.06326874,North
784.0,0.06338248,North
785.0,0.06401834,North
786.0,0.06410448,North
787.0,0.064310186,North
788.0,0.06453738,North
789.0,0.06454568,North
790.0,0.0646375,North
791.0,0.0648396,North
792.0,0.06510722,North
793.0,0.06543194,North
794.0,0.065938935,North
795.0,0.06630166,North
796.0,0.06807934,North
797.0,0.06954124,North
798.0,0.070004076,North
799.0,0.07074104,North
800.0,0.071112365,North
801.0,0.071933344,North
802.0,0.072148055,North
803.0,0.0725544,North
804.0,0.07280515,North
805.0,0.07306583,North
806.0,0.07326391,North
807.0,0.07335117,North
808.0,0.07354483,North
809.0,0.07369486,North
810.0,0.07433543,North
811.0,0.07460968,North
812.0,0.075472854,North
813.0,0.076890044,North
814.0,0.07874622,North
815.0,0.080696546,North
816.0,0.08209801,North
817.0,0.08405626,North
818.0,0.085724734,North
819.0,0.08723494,North
820.0,0.089046866,North
821.0,0.09100203,North
822.0,0.09392966,North
823.0,0.09714864,North
824.0,0.09939451,North
825.0,0.10031604,North
826.0,0.102115564,North
827.0,0.10371333,North
828.0,0.104429506,North
829.0,0.105082974,North
830.0,0.10559684,North
831.0,0.10646483,North
832.0,0.10676754,North
833.0,0.107266985,North
834.0,0.10760592,North
835.0,0.10840518,North
836.0,0.1091748,North
837.0,0.10985489,North
838.0,0.11009465,North
839.0,0.1099879,North
840.0,0.10993789,North
841.0,0.10986277,North
842.0,0.10978138,North
843.0,0.10971024,North
844.0,0.10967677,North
845.0,0.10956765,North
846.0,0.10946753,North
847.0,0.10934798,North
848.0,0.10927583,North
849.0,0.109162964,North
850.0,0.10905727,North
851.0,0.10893738,North
852.0,0.10882079,North
853.0,0.108707495,North
854.0,0.108587466,North
855.0,0.10846606,North
856.0,0.108343564,North
857.0,0.10822172,North
858.0,0.10810392,North
859.0,0.10798392,North
860.0,0.10786699,North
861.0,0.10774876,North
862.0,0.10763048,North
863.0,0.10751221,North
864.0,0.10739317,North
865.0,0.10727607,North
866.0,0.10715847,North
867.0,0.107038565,North
868.0,0.106928796,North
869.0,0.106810234,North
870.0,0.10669228,North
871.0,0.10657353,North
872.0,0.106458366,North
873.0,0.106423855,North
874.0,0.106437646,North
875.0,0.106319875,North
876.0,0.10632725,North
877.0,0.10629753,North
878.0,0.106424466,North
879.0,0.106757335,North
880.0,0.10715772,North
881.0,0.10730381,North
882.0,0.107391216,North
883.0,0.10750807,North
884.0,0.107646376,North
885.0,0.10790888,North
886.0,0.108411305,North
887.0,0.10829675,North
888.0,0.10818624,North
889.0,0.10807066,North
890.0,0.10795533,North
891.0,0.10783919,North
892.0,0.10772793,North
893.0,0.107654,North
894.0,0.107563876,North
895.0,0.10756569,North
896.0,0.107461914,North
897.0,0.10734937,North
898.0,0.1072387,North
899.0,0.10719257,North
900.0,0.107081346,North
901.0,0.10696772,North
902.0,0.106944166,North
903.0,0.106829554,North
904.0,0.10671757,North
905.0,0.1066052,North
906.0,0.10650266,North
907.0,0.106798485,North
908.0,0.106750086,North
909.0,0.106637955,North
910.0,0.10652796,North
911.0,0.10641481,North
912.0,0.10632155,North
913.0,0.10620981,North
914.0,0.106098816,North
915.0,0.10598783,North
916.0,0.105878614,North
917.0,0.10576603,North
918.0,0.10565527,North
919.0,0.10554928,North
920.0,0.1054417,North
921.0,0.105331026,North
922.0,0.10522245,North
923.0,0.105118945,North
924.0,0.10502469,North
925.0,0.10492352,North
926.0,0.1048205,North
927.0,0.10471153,North
928.0,0.10460483,North
929.0,0.10449845,North
930.0,0.10440906,North
931.0,0.10430434,North
932.0,0.10419788,North
933.0,0.104093485,North
934.0,0.10399063,North
935.0,0.10388561,North
936.0,0.103780635,North
937.0,0.10367557,North
938.0,0.103573516,North
939.0,0.10347105,North
940.0,0.10336851,North
941.0,0.10326407,North
942.0,0.103163816,North
943.0,0.10306257,North
944.0,0.102962784,North
945.0,0.10294915,North
946.0,0.102861285,North
947.0,0.10276371,North
948.0,0.10273597,North
949.0,0.10270999,North
950.0,0.10267077,North
951.0,0.10257972,North
952.0,0.102479346,North
953.0,0.102380805,North
954.0,0.10240455,North
955.0,0.10230378,North
956.0,0.10220229,North
957.0,0.10210016,North
958.0,0.10199887,North
959.0,0.101898886,North
960.0,0.10179769,North
961.0,0.101697065,North
962.0,0.10159679,North
963.0,0.10149773,North
964.0,0.10140331,North
965.0,0.10131473,North
966.0,0.10122995,North
967.0,0.10113889,North
968.0,0.1010535,North
969.0,0.10095786,North
970.0,0.100861825,North
971.0,0.10084946,North
972.0,0.10075096,North
973.0,0.1006525,North
974.0,0.10061983,North
975.0,0.10053175,North
976.0,0.10043786,North
977.0,0.10034121,North
978.0,0.100322984,North
979.0,0.10022565,North
980.0,0.100130215,North
981.0,0.10003537,North
982.0,0.09994295,North
983.0,0.0998495,North
984.0,0.0997543,North
985.0,0.099658035,North
986.0,0.09956333,North
987.0,0.09946952,North
988.0,0.09937641,North
989.0,0.09928158,North
990.0,0.09918869,North
991.0,0.099094376,North
992.0,0.09900109,North
993.0,0.098906636,North
994.0,0.09881456,North
995.0,0.098722346,North
996.0,0.09863203,North
997.0,0.09853961,North
998.0,0.09844919,North
999.0,0.09835671,North
1000.0,0.09826588,North
1001.0,0.09817255,North
1002.0,0.0980801,North
1003.0,0.097987466,North
1004.0,0.09789532,North
1005.0,0.09780353,North
1006.0,0.0977141,North
1007.0,0.0976231,North
1008.0,0.09761975,North
1009.0,0.09758472,North
1010.0,0.097507246,North
1011.0,0.09775754,North
1012.0,0.098045036,North
1013.0,0.09842354,North
1014.0,0.09859495,North
1015.0,0.09875673,North
1016.0,0.0989904,North
1017.0,0.09990604,North
1018.0,0.099814065,North
1019.0,0.09973125,North
1020.0,0.0996407,North
1021.0,0.09954913,North
1022.0,0.09945829,North
1023.0,0.09936689,North
1024.0,0.0992765,North
1025.0,0.099184275,North
1026.0,0.09909276,North
1027.0,0.09900004,North
1028.0,0.09890772,North
1029.0,0.098815024,North
1030.0,0.098724425,North
1031.0,0.09863311,North
1032.0,0.09854342,North
1033.0,0.09845572,North
1034.0,0.0983661,North
1035.0,0.09827673,North
1036.0,0.09818991,North
1037.0,0.09809927,North
1038.0,0.098012656,North
1039.0,0.09792665,North
1040.0,0.0978472,North
1041.0,0.09775966,North
1042.0,0.09767218,North
1043.0,0.09758401,North
1044.0,0.09749484,North
1045.0,0.097407445,North
1046.0,0.0973216,North
1047.0,0.09723779,North
1048.0,0.09715335,North
1049.0,0.09706513,North
1050.0,0.096977755,North
1051.0,0.09689047,North
1052.0,0.096805364,North
1053.0,0.096719466,North
1054.0,0.09663315,North
1055.0,0.09654635,North
1056.0,0.09645998,North
1057.0,0.096373655,North
1058.0,0.0962879,North
1059.0,0.09620166,North
1060.0,0.096115775,North
1061.0,0.096030794,North
1062.0,0.09594653,North
1063.0,0.09586067,North
1064.0,0.09577469,North
1065.0,0.09569167,North
1066.0,0.09561419,North
1067.0,0.095531456,North
1068.0,0.09545419,North
1069.0,0.09542269,North
1070.0,0.09534065,North
1071.0,0.09525624,North
1072.0,0.09517139,North
1073.0,0.09509757,North
1074.0,0.09501997,North
1075.0,0.094936654,North
1076.0,0.09485277,North
1077.0,0.09476809,North
1078.0,0.094684355,North
1079.0,0.094601706,North
1080.0,0.09451969,North
1081.0,0.09444079,North
1082.0,0.09435884,North
1083.0,0.09427767,North
1084.0,0.09420031,North
1085.0,0.09411946,North
1086.0,0.094038524,North
1087.0,0.09395682,North
1088.0,0.09387492,North
1089.0,0.09379333,North
1090.0,0.093711026,North
1091.0,0.0936291,North
1092.0,0.09354797,North
1093.0,0.09346654,North
1094.0,0.093385234,North
1095.0,0.09330352,North
1096.0,0.09322203,North
1097.0,0.09314071,North
1098.0,0.09306055,North
1099.0,0.09298233,North
1100.0,0.09290181,North
1101.0,0.09282125,North
1102.0,0.09274168,North
1103.0,0.09266211,North
1104.0,0.09258165,North
1105.0,0.09250127,North
1106.0,0.09242065,North
1107.0,0.09233988,North
1108.0,0.09225991,North
1109.0,0.09218056,North
1110.0,0.092106976,North
1111.0,0.09203036,North
1112.0,0.091950804,North
1113.0,0.091871455,North
1114.0,0.091793135,North
1115.0,0.09171433,North
1116.0,0.091635756,North
1117.0,0.091557436,North
1118.0,0.09147985,North
1119.0,0.091401786,North
1120.0,0.09132278,North
1121.0,0.09124547,North
1122.0,0.09116856,North
1123.0,0.09109084,North
1124.0,0.09101295,North
1125.0,0.090936415,North
1126.0,0.09086066,North
1127.0,0.09078388,North
1128.0,0.090709336,North
1129.0,0.0906331,North
1130.0,0.09055659,North
1131.0,0.090479694,North
1132.0,0.09040299,North
1133.0,0.0903271,North
1134.0,0.09025225,North
1135.0,0.09017592,North
1136.0,0.090101354,North
1137.0,0.09002592,North
1138.0,0.08995057,North
1139.0,0.08987509,North
1140.0,0.089800164,North
1141.0,0.089725174,North
1142.0,0.089650564,North
1143.0,0.08957876,North
1144.0,0.08951546,North
1145.0,0.08944606,North
1146.0,0.0893809,North
1147.0,0.08930989,North
1148.0,0.089240305,North
1149.0,0.08916855,North
1150.0,0.089096874,North
1151.0,0.08902269,North
1152.0,0.088949546,North
1153.0,0.08887657,North
1154.0,0.0888038,North
1155.0,0.08873006,North
1156.0,0.088656746,North
1157.0,0.088583656,North
1158.0,0.088510334,North
1159.0,0.088437416,North
1160.0,0.08836537,North
1161.0,0.08829478,North
1162.0,0.088224165,North
1163.0,0.08815335,North
1164.0,0.08808643,North
1165.0,0.088014714,North
1166.0,0.08794368,North
1167.0,0.087871835,North
1168.0,0.08780238,North
1169.0,0.087740794,North
1170.0,0.08767844,North
1171.0,0.08760771,North
1172.0,0.08754544,North
1173.0,0.08749271,North
1174.0,0.08742287,North
1175.0,0.08735192,North
1176.0,0.08728148,North
1177.0,0.08721122,North
1178.0,0.087140985,North
1179.0,0.08706998,North
1180.0,0.08699995,North
1181.0,0.08693096,North
1182.0,0.086861715,North
1183.0,0.08680784,North
1184.0,0.086751305,North
1185.0,0.086684294,North
1186.0,0.08661711,North
1187.0,0.086549036,North
1188.0,0.08651574,North
1189.0,0.086447075,North
1190.0,0.086379334,North
1191.0,0.08630971,North
1192.0,0.086241186,North
1193.0,0.08617433,North
1194.0,0.08610963,North
1195.0,0.08604256,North
1196.0,0.0859748,North
1197.0,0.08590696,North
1198.0,0.08583939,North
1199.0,0.08577052,North
1200.0,0.08570304,North
1201.0,0.08563613,North
1202.0,0.08556845,North
1203.0,0.08550066,North
1204.0,0.08543292,North
1205.0,0.0853654,North
1206.0,0.08529787,North
1207.0,0.0852307,North
1208.0,0.08516438,North
1209.0,0.08510125,North
1210.0,0.08504019,North
1211.0,0.08498124,North
1212.0,0.08492681,North
1213.0,0.08486558,North
1214.0,0.08480956,North
1215.0,0.08475009,North
1216.0,0.084685475,North
1217.0,0.08461944,North
1218.0,0.08455387,North
1219.0,0.084489934,North
1220.0,0.08442391,North
1221.0,0.08435812,North
1222.0,0.08429322,North
1223.0,0.08422851,North
1224.0,0.08416345,North
1225.0,0.08410209,North
1226.0,0.08405748,North
1227.0,0.08405669,North
1228.0,0.084129795,North
1229.0,0.08414021,North
1230.0,0.08418182,North
1231.0,0.08436533,North
1232.0,0.08438269,North
1233.0,0.084320895,North
1234.0,0.084264114,North
1235.0,0.084313855,North
1236.0,0.08425056,North
1237.0,0.08418658,North
1238.0,0.08414484,North
1239.0,0.08408151,North
1240.0,0.084083915,North
1241.0,0.08402066,North
1242.0,0.083957754,North
1243.0,0.08389309,North
1244.0,0.08383163,North
1245.0,0.083786316,North
1246.0,0.08378451,North
1247.0,0.08380232,North
1248.0,0.08375504,North
1249.0,0.08369529,North
1250.0,0.08364054,North
1251.0,0.08359142,North
1252.0,0.083531655,North
1253.0,0.08348333,North
1254.0,0.08342902,North
1255.0,0.08348632,North
1256.0,0.08348172,North
1257.0,0.083445325,North
1258.0,0.08345405,North
1259.0,0.08340173,North
1260.0,0.083365254,North
1261.0,0.08330292,North
1262.0,0.08327608,North
1263.0,0.08321315,North
1264.0,0.08315444,North
1265.0,0.083098434,North
1266.0,0.083036244,North
1267.0,0.08297581,North
1268.0,0.08292278,North
1269.0,0.08287296,North
1270.0,0.08281534,North
1271.0,0.08275531,North
1272.0,0.082705915,North
1273.0,0.082658015,North
1274.0,0.08260411,North
1275.0,0.08254376,North
1276.0,0.082495876,North
1277.0,0.08245619,North
1278.0,0.08239802,North
1279.0,0.082353614,North
1280.0,0.08229632,North
1281.0,0.08223918,North
1282.0,0.082188874,North
1283.0,0.08212918,North
1284.0,0.08207545,North
1285.0,0.08201635,North
1286.0,0.08196748,North
1287.0,0.08190963,North
1288.0,0.08185119,North
1289.0,0.08180591,North
1290.0,0.081748374,North
1291.0,0.081690185,North
1292.0,0.081632875,North
1293.0,0.08157425,North
1294.0,0.0815176,North
1295.0,0.08145842,North
1296.0,0.081409335,North
1297.0,0.08140501,North
1298.0,0.08134779,North
1299.0,0.081301615,North
1300.0,0.08126128,North
1301.0,0.08120217,North
1302.0,0.08115961,North
1303.0,0.08112718,North
1304.0,0.081071295,North
1305.0,0.08101698,North
1306.0,0.08100395,North
1307.0,0.08095765,North
1308.0,0.08090054,North
1309.0,0.08086237,North
1310.0,0.08082918,North
1311.0,0.08078185,North
1312.0,0.08072339,North
1313.0,0.08066836,North
1314.0,0.08062441,North
1315.0,0.080569364,North
1316.0,0.080512024,North
1317.0,0.08046671,North
1318.0,0.080409996,North
1319.0,0.080368415,North
1320.0,0.08031285,North
1321.0,0.08025459,North
1322.0,0.08019612,North
1323.0,0.0801379,North
1324.0,0.08009244,North
1325.0,0.08004255,North
1326.0,0.08000236,North
1327.0,0.07996207,North
1328.0,0.07990739,North
1329.0,0.07986242,North
1330.0,0.079837024,North
1331.0,0.07980465,North
1332.0,0.07975015,North
1333.0,0.07971369,North
1334.0,0.07967058,North
1335.0,0.079623565,North
1336.0,0.07960524,North
1337.0,0.079551645,North
1338.0,0.07949577,North
1339.0,0.079447225,North
1340.0,0.07941943,North
1341.0,0.07937405,North
1342.0,0.079338476,North
1343.0,0.07930252,North
1344.0,0.079279885,North
1345.0,0.07922293,North
1346.0,0.07920258,North
1347.0,0.07916164,North
1348.0,0.079112664,North
1349.0,0.07908092,North
1350.0,0.07904689,North
1351.0,0.079006985,North
1352.0,0.0789559,North
1353.0,0.0789041,North
1354.0,0.078880765,North
1355.0,0.078831725,North
1356.0,0.07878659,North
1357.0,0.078751214,North
1358.0,0.078701116,North
1359.0,0.078661874,North
1360.0,0.07860873,North
1361.0,0.07855747,North
1362.0,0.07851617,North
1363.0,0.07847818,North
1364.0,0.07842514,North
1365.0,0.07838063,North
1366.0,0.07833679,North
1367.0,0.07830569,North
1368.0,0.07826156,North
1369.0,0.078226395,North
1370.0,0.07817727,North
1371.0,0.07812741,North
1372.0,0.07809089,North
1373.0,0.07805449,North
1374.0,0.078013755,North
1375.0,0.07796393,North
1376.0,0.07796347,North
1377.0,0.07794089,North
1378.0,0.07789574,North
1379.0,0.07786984,North
1380.0,0.07785922,North
1381.0,0.07785402,North
1382.0,0.07781014,North
1383.0,0.077785894,North
1384.0,0.0777622,North
1385.0,0.07771676,North
1386.0,0.07766744,North
1387.0,0.07761577,North
1388.0,0.07756276,North
1389.0,0.0775196,North
1390.0,0.07747086,North
1391.0,0.07742238,North
1392.0,0.077370666,North
1393.0,0.07731886,North
1394.0,0.0772678,North
1395.0,0.07721878,North
1396.0,0.07717048,North
1397.0,0.0771183,North
1398.0,0.07706555,North
1399.0,0.07701578,North
1400.0,0.07700276,North
1401.0,0.07695274,North
1402.0,0.07690245,North
1403.0,0.076850764,North
1404.0,0.07679986,North
1405.0,0.07675217,North
1406.0,0.07670136,North
1407.0,0.076650076,North
1408.0,0.07659896,North
1409.0,0.07655688,North
1410.0,0.07650783,North
1411.0,0.076457895,North
1412.0,0.076409206,North
1413.0,0.07635848,North
1414.0,0.076309875,North
1415.0,0.076258235,North
1416.0,0.07620671,North
1417.0,0.07615546,North
1418.0,0.07610591,North
1419.0,0.0760605,North
1420.0,0.07601093,North
1421.0,0.075960815,North
1422.0,0.07591151,North
1423.0,0.07586154,North
1424.0,0.07581176,North
1425.0,0.07576197,North
1426.0,0.07571924,North
1427.0,0.07567502,North
1428.0,0.07562664,North
1429.0,0.075584196,North
1430.0,0.07553442,North
1431.0,0.07548426,North
1432.0,0.0754369,North
1433.0,0.07538907,North
1434.0,0.07533963,North
1435.0,0.07529181,North
1436.0,0.07524299,North
1437.0,0.07519286,North
1438.0,0.075145885,North
1439.0,0.075118035,North
1440.0,0.07506967,North
1441.0,0.075021416,North
1442.0,0.07497295,North
1443.0,0.07492401,North
1444.0,0.07487548,North
1445.0,0.074827276,North
1446.0,0.07477885,North
1447.0,0.07472924,North
1448.0,0.07468084,North
1449.0,0.07465252,North
1450.0,0.0746056,North
1451.0,0.07455831,North
1452.0,0.07451163,North
1453.0,0.07446313,North
1454.0,0.0744153,North
1455.0,0.07436616,North
1456.0,0.07431914,North
1457.0,0.074270785,North
1458.0,0.07422439,North
1459.0,0.07417687,North
1460.0,0.074129336,North
1461.0,0.07408159,North
1462.0,0.07403389,North
1463.0,0.07398771,North
1464.0,0.07394095,North
1465.0,0.073895276,North
1466.0,0.073849075,North
1467.0,0.07380089,North
1468.0,0.073753685,North
1469.0,0.07372319,North
1470.0,0.07367567,North
1471.0,0.07362765,North
1472.0,0.07358022,North
1473.0,0.07353301,North
1474.0,0.07348612,North
1475.0,0.07343914,North
1476.0,0.07339272,North
1477.0,0.07334565,North
1478.0,0.073299386,North
1479.0,0.073268555,North
1480.0,0.07322163,North
1481.0,0.07317438,North
1482.0,0.07312729,North
1483.0,0.07308043,North
1484.0,0.07303438,North
1485.0,0.07298716,North
1486.0,0.07294077,North
1487.0,0.072894335,North
1488.0,0.07284899,North
1489.0,0.07280848,North
1490.0,0.072762206,North
1491.0,0.07271514,North
1492.0,0.072668605,North
1493.0,0.07262184,North
1494.0,0.072575256,North
1495.0,0.072528645,North
1496.0,0.07248273,North
1497.0,0.07243636,North
1498.0,0.072390564,North
1499.0,0.07236637,North
1500.0,0.072319835,North
1501.0,0.072273694,North
1502.0,0.07222761,North
1503.0,0.07218163,North
1504.0,0.07213603,North
1505.0,0.07209032,North
1506.0,0.07204526,North
1507.0,0.071999535,North
1508.0,0.07195413,North
1509.0,0.07192281,North
1510.0,0.07187741,North
1511.0,0.07183219,North
1512.0,0.07178714,North
1513.0,0.07174201,North
1514.0,0.0716973,North
1515.0,0.071652465,North
1516.0,0.07160834,North
1517.0,0.071564056,North
1518.0,0.0715194,North
1519.0,0.07147556,North
1520.0,0.07143175,North
1521.0,0.07138854,North
1522.0,0.071345665,North
1523.0,0.07130087,North
1524.0,0.07125701,North
1525.0,0.07121203,North
1526.0,0.07116758,North
1527.0,0.07112294,North
1528.0,0.07107803,North
1529.0,0.07105338,North
1530.0,0.07101033,North
1531.0,0.070965834,North
1532.0,0.07092164,North
1533.0,0.07087689,North
1534.0,0.070832565,North
1535.0,0.070788376,North
1536.0,0.07074519,North
1537.0,0.07070117,North
1538.0,0.07065722,North
1539.0,0.07062979,North
1540.0,0.07058648,North
1541.0,0.07054253,North
1542.0,0.07049926,North
1543.0,0.070456244,North
1544.0,0.07041329,North
1545.0,0.070369616,North
1546.0,0.070327036,North
1547.0,0.07028389,North
1548.0,0.07024115,North
1549.0,0.07022794,North
1550.0,0.07018579,North
1551.0,0.07014325,North
1552.0,0.0701014,North
1553.0,0.0700596,North
1554.0,0.070017956,North
1555.0,0.069975965,North
1556.0,0.06993577,North
1557.0,0.06989465,North
1558.0,0.0698545,North
1559.0,0.0698423,North
1560.0,0.06980142,North
1561.0,0.06976233,North
1562.0,0.06973167,North
1563.0,0.06969371,North
1564.0,0.06966856,North
1565.0,0.069631405,North
1566.0,0.06959196,North
1567.0,0.06955377,North
1568.0,0.06951358,North
1569.0,0.06948699,North
1570.0,0.06944955,North
1571.0,0.069411576,North
1572.0,0.06937114,North
1573.0,0.06933087,North
1574.0,0.06929162,North
1575.0,0.06925267,North
1576.0,0.06921633,North
1577.0,0.06918702,North
1578.0,0.06917043,North
1579.0,0.06914189,North
1580.0,0.069114804,North
1581.0,0.06907653,North
1582.0,0.06903978,North
1583.0,0.069010295,North
1584.0,0.06897337,North
1585.0,0.06893838,North
1586.0,0.06890915,North
1587.0,0.06887075,North
1588.0,0.068830706,North
1589.0,0.0688131,North
1590.0,0.06878799,North
1591.0,0.06876272,North
1592.0,0.06873008,North
1593.0,0.068704456,North
1594.0,0.068665124,North
1595.0,0.06862595,North
1596.0,0.068598844,North
1597.0,0.068562195,North
1598.0,0.06853474,North
1599.0,0.06850052,North
1600.0,0.068462476,North
1601.0,0.0684318,North
1602.0,0.06840959,North
1603.0,0.068370596,North
1604.0,0.0683316,North
1605.0,0.06829394,North
1606.0,0.06829468,North
1607.0,0.06825546,North
1608.0,0.068232246,North
1609.0,0.068194374,North
1610.0,0.06816592,North
1611.0,0.0681357,North
1612.0,0.06809644,North
1613.0,0.068065114,North
1614.0,0.06804969,North
1615.0,0.068045005,North
1616.0,0.068019606,North
1617.0,0.067981094,North
1618.0,0.06795953,North
1619.0,0.06793382,North
1620.0,0.06793381,North
1621.0,0.067894824,North
1622.0,0.0678558,North
1623.0,0.06781625,North
1624.0,0.0677771,North
1625.0,0.06773829,North
1626.0,0.067699246,North
1627.0,0.06766032,North
1628.0,0.067634255,North
1629.0,0.0675953,North
1630.0,0.06755738,North
1631.0,0.067519106,North
1632.0,0.06748047,North
1633.0,0.06744287,North
1634.0,0.067404374,North
1635.0,0.067366704,North
1636.0,0.06732852,North
1637.0,0.06729128,North
1638.0,0.06725646,North
1639.0,0.067218415,North
1640.0,0.06718079,North
1641.0,0.06714236,North
1642.0,0.06710547,North
1643.0,0.067067,North
1644.0,0.067028776,North
1645.0,0.066990286,North
1646.0,0.06695229,North
1647.0,0.06691371,North
1648.0,0.06688889,North
1649.0,0.06685036,North
1650.0,0.06681219,North
1651.0,0.06677372,North
1652.0,0.06673629,North
1653.0,0.06669743,North
1654.0,0.06665961,North
1655.0,0.06662135,North
1656.0,0.066583656,North
1657.0,0.0665455,North
1658.0,0.06651978,North
1659.0,0.06648136,North
1660.0,0.066444,North
1661.0,0.066406585,North
1662.0,0.066369005,North
1663.0,0.066331156,North
1664.0,0.066293515,North
1665.0,0.06625539,North
1666.0,0.06621797,North
1667.0,0.06618019,North
1668.0,0.06614614,North
1669.0,0.06610873,North
1670.0,0.06607162,North
1671.0,0.06603369,North
1672.0,0.06599674,North
1673.0,0.06595939,North
1674.0,0.06592187,North
1675.0,0.06588468,North
1676.0,0.06584739,North
1677.0,0.06580975,North
1678.0,0.06580525,North
1679.0,0.06576792,North
1680.0,0.06573062,North
1681.0,0.06569355,North
1682.0,0.06565687,North
1683.0,0.06561961,North
1684.0,0.06558304,North
1685.0,0.0655467,North
1686.0,0.06551088,North
1687.0,0.06547515,North
1688.0,0.065461025,North
1689.0,0.06542464,North
1690.0,0.06538882,North
1691.0,0.06535204,North
1692.0,0.06531556,North
1693.0,0.06527947,North
1694.0,0.06524358,North
1695.0,0.0652096,North
1696.0,0.06517393,North
1697.0,0.0651377,North
1698.0,0.06511614,North
1699.0,0.065082,North
1700.0,0.06504704,North
1701.0,0.065010965,North
1702.0,0.06497545,North
1703.0,0.06493939,North
1704.0,0.06490309,North
1705.0,0.0648667,North
1706.0,0.06483049,North
1707.0,0.06479474,North
1708.0,0.06477675,North
1709.0,0.06474037,North
1710.0,0.06470528,North
1711.0,0.06467,North
1712.0,0.064634554,North
1713.0,0.06459935,North
1714.0,0.064565144,North
1715.0,0.06452949,North
1716.0,0.06449498,North
1717.0,0.064460576,North
1718.0,0.064433336,North
1719.0,0.0643983,North
1720.0,0.06436326,North
1721.0,0.06432871,North
1722.0,0.06430685,North
1723.0,0.06427787,North
1724.0,0.06424379,North
1725.0,0.06420874,North
1726.0,0.06417436,North
1727.0,0.064139545,North
1728.0,0.06412407,North
1729.0,0.0640906,North
1730.0,0.06405712,North
1731.0,0.06402317,North
1732.0,0.06398981,North
1733.0,0.06395693,North
1734.0,0.06392468,North
1735.0,0.06388998,North
1736.0,0.06385564,North
1737.0,0.06382084,North
1738.0,0.063810036,North
1739.0,0.06377692,North
1740.0,0.063742705,North
1741.0,0.06370903,North
1742.0,0.06367573,North
1743.0,0.06364187,North
1744.0,0.06360752,North
1745.0,0.06357339,North
1746.0,0.06354032,North
1747.0,0.06350769,North
1748.0,0.06349586,North
1749.0,0.063462034,North
1750.0,0.06342906,North
1751.0,0.06339628,North
1752.0,0.0633638,North
1753.0,0.06333064,North
1754.0,0.06329687,North
1755.0,0.06326335,North
1756.0,0.06322976,North
1757.0,0.06319539,North
1758.0,0.063163735,North
1759.0,0.063129865,North
1760.0,0.06309599,North
1761.0,0.06306201,North
1762.0,0.063028045,North
1763.0,0.062994346,North
1764.0,0.06296121,North
1765.0,0.062927656,North
1766.0,0.062894404,North
1767.0,0.06286055,North
1768.0,0.062844515,North
1769.0,0.06281113,North
1770.0,0.06277802,North
1771.0,0.06274474,North
1772.0,0.062710956,North
1773.0,0.06267711,North
1774.0,0.06264335,North
1775.0,0.06260953,North
1776.0,0.062576324,North
1777.0,0.06254268,North
1778.0,0.06250934,North
1779.0,0.062485565,North
1780.0,0.06245244,North
1781.0,0.062420048,North
1782.0,0.062387384,North
1783.0,0.06235473,North
1784.0,0.06232171,North
1785.0,0.062288493,North
1786.0,0.062256012,North
1787.0,0.062223263,North
1788.0,0.062202223,North
1789.0,0.06217035,North
1790.0,0.0621387,North
1791.0,0.06210623,North
1792.0,0.062074486,North
1793.0,0.062042624,North
1794.0,0.0620116,North
1795.0,0.061980262,North
1796.0,0.06194835,North
1797.0,0.061916873,North
1798.0,0.061907254,North
1799.0,0.06187542,North
1800.0,0.061844397,North
1801.0,0.061813794,North
1802.0,0.061784294,North
1803.0,0.061755244,North
1804.0,0.06172414,North
1805.0,0.06169233,North
1806.0,0.061665744,North
1807.0,0.06163642,North
1808.0,0.06161862,North
1809.0,0.061587926,North
1810.0,0.061557863,North
1811.0,0.061526146,North
1812.0,0.061496012,North
1813.0,0.061465126,North
1814.0,0.06143354,North
1815.0,0.061401803,North
1816.0,0.061370146,North
1817.0,0.06133821,North
1818.0,0.0613112,North
1819.0,0.061281838,North
1820.0,0.061253924,North
1821.0,0.06122317,North
1822.0,0.06119707,North
1823.0,0.061166998,North
1824.0,0.06113673,North
1825.0,0.06110557,North
1826.0,0.061074816,North
1827.0,0.0610441,North
1828.0,0.06102476,North
1829.0,0.060994633,North
1830.0,0.060964674,North
1831.0,0.060934745,North
1832.0,0.060904443,North
1833.0,0.06087403,North
1834.0,0.060846277,North
1835.0,0.060816575,North
1836.0,0.060787924,North
1837.0,0.06075841,North
1838.0,0.060736775,North
1839.0,0.060706872,North
1840.0,0.06067678,North
1841.0,0.060652763,North
1842.0,0.060638025,North
1843.0,0.060615193,North
1844.0,0.0605887,North
1845.0,0.060563847,North
1846.0,0.060535178,North
1847.0,0.060506575,North
1848.0,0.0604812,North
1849.0,0.06045129,North
1850.0,0.060420677,North
1851.0,0.060390413,North
1852.0,0.06036035,North
1853.0,0.06032986,North
1854.0,0.060299378,North
1855.0,0.06026945,North
1856.0,0.06024004,North
1857.0,0.060210295,North
1858.0,0.0601986,North
1859.0,0.06017325,North
1860.0,0.06014441,North
1861.0,0.060116068,North
1862.0,0.060086776,North
1863.0,0.060057573,North
1864.0,0.06002855,North
1865.0,0.059999272,North
1866.0,0.05996984,North
1867.0,0.059941083,North
1868.0,0.059922736,North
1869.0,0.059893526,North
1870.0,0.05986454,North
1871.0,0.059835665,North
1872.0,0.059806265,North
1873.0,0.059779234,North
1874.0,0.05975152,North
1875.0,0.059722755,North
1876.0,0.059693713,North
1877.0,0.059665643,North
1878.0,0.059638303,North
1879.0,0.05961059,North
1880.0,0.059582327,North
1881.0,0.05955314,North
1882.0,0.059523907,North
1883.0,0.059494816,North
1884.0,0.059465833,North
1885.0,0.059436172,North
1886.0,0.05940679,North
1887.0,0.059377052,North
1888.0,0.059347283,North
1889.0,0.05933897,North
1890.0,0.059309244,North
1891.0,0.059279602,North
1892.0,0.05925023,North
1893.0,0.059220802,North
1894.0,0.05919145,North
1895.0,0.05916188,North
1896.0,0.059132565,North
1897.0,0.059102926,North
1898.0,0.059073735,North
1899.0,0.05906089,North
1900.0,0.05903162,North
1901.0,0.059003424,North
1902.0,0.058974333,North
1903.0,0.058945607,North
1904.0,0.05891639,North
1905.0,0.058887646,North
1906.0,0.05885924,North
1907.0,0.058830574,North
1908.0,0.058801383,North
1909.0,0.058786668,North
1910.0,0.058758296,North
1911.0,0.058729995,North
1912.0,0.05870141,North
1913.0,0.058672756,North
1914.0,0.05864414,North
1915.0,0.058615614,North
1916.0,0.05858723,North
1917.0,0.058558524,North
1918.0,0.058530297,North
1919.0,0.05851827,North
1920.0,0.05849025,North
1921.0,0.05846182,North
1922.0,0.058433555,North
1923.0,0.05840552,North
1924.0,0.058377683,North
1925.0,0.05835087,North
1926.0,0.05832415,North
1927.0,0.05829656,North
1928.0,0.0582685,North
1929.0,0.058253527,North
1930.0,0.058226157,North
1931.0,0.058197863,North
1932.0,0.058169734,North
1933.0,0.05814198,North
1934.0,0.058113664,North
1935.0,0.058085494,North
1936.0,0.058058087,North
1937.0,0.058030915,North
1938.0,0.058003917,North
1939.0,0.057976354,North
1940.0,0.057949107,North
1941.0,0.057921816,North
1942.0,0.05789445,North
1943.0,0.057866797,North
1944.0,0.05783952,North
1945.0,0.05781223,North
1946.0,0.0577849,North
1947.0,0.057756923,North
1948.0,0.057729248,North
1949.0,0.057717986,North
1950.0,0.05769053,North
1951.0,0.057663087,North
1952.0,0.05763582,North
1953.0,0.05760878,North
1954.0,0.057581514,North
1955.0,0.057553872,North
1956.0,0.05752704,North
1957.0,0.057499897,North
1958.0,0.05747245,North
1959.0,0.057457156,North
1960.0,0.057429947,North
1961.0,0.05740246,North
1962.0,0.05737505,North
1963.0,0.057347536,North
1964.0,0.05732035,North
1965.0,0.05729354,North
1966.0,0.057266705,North
1967.0,0.0572395,North
1968.0,0.057212178,North
1969.0,0.057189178,North
1970.0,0.057161935,North
1971.0,0.057134718,North
1972.0,0.05710717,North
1973.0,0.057079997,North
1974.0,0.057053138,North
1975.0,0.057026044,North
1976.0,0.056998767,North
1977.0,0.056971658,North
1978.0,0.05694449,North
1979.0,0.056933854,North
1980.0,0.056906965,North
1981.0,0.056880202,North
1982.0,0.05685277,North
1983.0,0.056825716,North
1984.0,0.056798473,North
1985.0,0.056771804,North
1986.0,0.056744993,North
1987.0,0.056718048,North
1988.0,0.056690987,North
1989.0,0.056673437,North
1990.0,0.05664629,North
1991.0,0.056619227,North
1992.0,0.056592386,North
1993.0,0.05656569,North
1994.0,0.056539852,North
1995.0,0.056513485,North
1996.0,0.056487344,North
1997.0,0.05646066,North
1998.0,0.056434684,North
1999.0,0.056408454,North
2000.0,0.056382462,North
2001.0,0.0563562,North
2002.0,0.056343056,North
2003.0,0.056317043,North
2004.0,0.056291882,North
2005.0,0.056267247,North
2006.0,0.05624215,North
2007.0,0.056216173,North
2008.0,0.056190472,North
2009.0,0.056182195,North
2010.0,0.05615813,North
2011.0,0.05613229,North
2012.0,0.056107484,North
2013.0,0.056091644,North
2014.0,0.056066215,North
2015.0,0.056040477,North
2016.0,0.05601599,North
2017.0,0.055991255,North
2018.0,0.055966064,North
2019.0,0.05594919,North
2020.0,0.055924,North
2021.0,0.05589845,North
2022.0,0.055873655,North
2023.0,0.055847757,North
2024.0,0.05582162,North
2025.0,0.05579568,North
2026.0,0.05576964,North
2027.0,0.055743698,North
2028.0,0.05571784,North
2029.0,0.055711303,North
2030.0,0.055685878,North
2031.0,0.055660147,North
2032.0,0.05563427,North
2033.0,0.055608604,North
2034.0,0.055582985,North
2035.0,0.055557527,North
2036.0,0.055532005,North
2037.0,0.05550655,North
2038.0,0.05548098,North
2039.0,0.055478886,North
2040.0,0.055453204,North
2041.0,0.055428103,North
2042.0,0.055402737,North
2043.0,0.05537733,North
2044.0,0.05535228,North
2045.0,0.05532698,North
2046.0,0.05530199,North
2047.0,0.055277202,North
2048.0,0.055252492,North
2049.0,0.055246543,North
2050.0,0.055221867,North
2051.0,0.055196982,North
2052.0,0.055172525,North
2053.0,0.055148195,North
2054.0,0.055123925,North
2055.0,0.055099014,North
2056.0,0.05507429,North
2057.0,0.055049267,North
2058.0,0.05502514,North
2059.0,0.055002283,North
2060.0,0.054978084,North
2061.0,0.054953303,North
2062.0,0.05492886,North
2063.0,0.05490465,North
2064.0,0.054880776,North
2065.0,0.054856572,North
2066.0,0.05483222,North
2067.0,0.05480817,North
2068.0,0.054784045,North
2069.0,0.05476757,North
2070.0,0.05474345,North
2071.0,0.054719474,North
2072.0,0.05469761,North
2073.0,0.054673977,North
2074.0,0.05465016,North
2075.0,0.054626532,North
2076.0,0.05460317,North
2077.0,0.054579865,North
2078.0,0.054556243,North
2079.0,0.054553214,North
2080.0,0.054529164,North
2081.0,0.054504927,North
2082.0,0.054481022,North
2083.0,0.054457154,North
2084.0,0.054432992,North
2085.0,0.054408822,North
2086.0,0.054384444,North
2087.0,0.054360136,North
2088.0,0.054336026,North
2089.0,0.05431511,North
2090.0,0.05429153,North
2091.0,0.054267243,North
2092.0,0.054242987,North
2093.0,0.054218866,North
2094.0,0.054194864,North
2095.0,0.054171067,North
2096.0,0.05414717,North
2097.0,0.05412317,North
2098.0,0.0540992,North
2099.0,0.05409492,North
2100.0,0.054076117,North
2101.0,0.05405308,North
2102.0,0.054036576,North
2103.0,0.054029115,North
2104.0,0.054005686,North
2105.0,0.05398157,North
2106.0,0.05396431,North
2107.0,0.053941425,North
2108.0,0.053922825,North
2109.0,0.05390683,North
2110.0,0.053893212,North
2111.0,0.053892743,North
2112.0,0.053872436,North
2113.0,0.053863578,North
2114.0,0.053847525,North
2115.0,0.053825676,North
2116.0,0.053820368,North
2117.0,0.053800132,North
2118.0,0.053777922,North
2119.0,0.05375867,North
2120.0,0.053755883,North
2121.0,0.05375215,North
2122.0,0.05372928,North
2123.0,0.053706236,North
2124.0,0.053700086,North
2125.0,0.05367756,North
2126.0,0.053654935,North
2127.0,0.053636666,North
2128.0,0.05361308,North
2129.0,0.05359096,North
2130.0,0.05357479,North
2131.0,0.053566683,North
2132.0,0.053544156,North
2133.0,0.053533632,North
2134.0,0.053518493,North
2135.0,0.05349652,North
2136.0,0.053476915,North
2137.0,0.053460266,North
2138.0,0.053438198,North
2139.0,0.053425334,North
2140.0,0.053404283,North
2141.0,0.05338191,North
2142.0,0.05336656,North
2143.0,0.053354446,North
2144.0,0.053337846,North
2145.0,0.053318318,North
2146.0,0.053309653,North
2147.0,0.05329097,North
2148.0,0.053270176,North
2149.0,0.05325642,North
2150.0,0.05325313,North
2151.0,0.053230017,North
2152.0,0.053213827,North
2153.0,0.05319224,North
2154.0,0.053170428,North
2155.0,0.053148046,North
2156.0,0.05312652,North
2157.0,0.05310433,North
2158.0,0.05308317,North
2159.0,0.053078134,North
2160.0,0.053055663,North
2161.0,0.053033385,North
2162.0,0.053011138,North
2163.0,0.052988958,North
2164.0,0.05296668,North
2165.0,0.052943926,North
2166.0,0.05292161,North
2167.0,0.052898657,North
2168.0,0.052875683,North
2169.0,0.052871242,North
2170.0,0.052848563,North
2171.0,0.052825812,North
2172.0,0.052803956,North
2173.0,0.05278163,North
2174.0,0.052759025,North
2175.0,0.05273641,North
2176.0,0.052713934,North
2177.0,0.05269165,North
2178.0,0.052669782,North
2179.0,0.052650273,North
2180.0,0.052627962,North
2181.0,0.052605677,North
2182.0,0.05258346,North
2183.0,0.052561313,North
2184.0,0.052539364,North
2185.0,0.052516866,North
2186.0,0.05249455,North
2187.0,0.052472297,North
2188.0,0.052457087,North
2189.0,0.05243549,North
2190.0,0.052413516,North
2191.0,0.0523923,North
2192.0,0.05237125,North
2193.0,0.052349336,North
2194.0,0.052327268,North
2195.0,0.05230533,North
2196.0,0.052283235,North
2197.0,0.05226119,North
2198.0,0.052244693,North
2199.0,0.05222238,North
2200.0,0.052200727,North
2201.0,0.05217883,North
2202.0,0.052156836,North
2203.0,0.05213503,North
2204.0,0.052113336,North
2205.0,0.052091546,North
2206.0,0.052069694,North
2207.0,0.05204778,North
2208.0,0.052032944,North
2209.0,0.05201163,North
2210.0,0.051989842,North
2211.0,0.051968053,North
2212.0,0.051946353,North
2213.0,0.051924977,North
2214.0,0.051903255,North
2215.0,0.051881496,North
2216.0,0.05185988,North
2217.0,0.05183852,North
2218.0,0.051830538,North
2219.0,0.051811956,North
2220.0,0.051793125,North
2221.0,0.051771946,North
2222.0,0.051751196,North
2223.0,0.051730223,North
2224.0,0.051709294,North
2225.0,0.051688753,North
2226.0,0.051667612,North
2227.0,0.051646356,North
2228.0,0.05164227,North
2229.0,0.05162103,North
2230.0,0.051599957,North
2231.0,0.051578797,North
2232.0,0.05155772,North
2233.0,0.051536806,North
2234.0,0.051516164,North
2235.0,0.051494904,North
2236.0,0.051474877,North
2237.0,0.0514549,North
2238.0,0.05143499,North
2239.0,0.051413946,North
2240.0,0.05139295,North
2241.0,0.051371813,North
2242.0,0.051351536,North
2243.0,0.05133086,North
2244.0,0.051310204,North
2245.0,0.05128973,North
2246.0,0.051269703,North
2247.0,0.051249526,North
2248.0,0.05124053,North
2249.0,0.05121981,North
2250.0,0.051200494,North
2251.0,0.05118076,North
2252.0,0.05116073,North
2253.0,0.051140714,North
2254.0,0.05112021,North
2255.0,0.05109976,North
2256.0,0.0510796,North
2257.0,0.051059727,North
2258.0,0.051046953,North
2259.0,0.05102648,North
2260.0,0.051005863,North
2261.0,0.050985087,North
2262.0,0.05096524,North
2263.0,0.050945,North
2264.0,0.050925195,North
2265.0,0.050906394,North
2266.0,0.05088696,North
2267.0,0.050867837,North
2268.0,0.050859086,North
2269.0,0.05083938,North
2270.0,0.05082023,North
2271.0,0.050799686,North
2272.0,0.05078019,North
2273.0,0.050761696,North
2274.0,0.05074222,North
2275.0,0.05072171,North
2276.0,0.050701804,North
2277.0,0.050682083,North
2278.0,0.05069565,North
2279.0,0.05067543,North
2280.0,0.050655603,North
2281.0,0.050636116,North
2282.0,0.05061645,North
2283.0,0.050596807,North
2284.0,0.050577257,North
2285.0,0.050558098,North
2286.0,0.050538905,North
2287.0,0.05051902,North
2288.0,0.0505052,North
2289.0,0.05048623,North
2290.0,0.05046801,North
2291.0,0.05044812,North
2292.0,0.05042936,North
2293.0,0.050409574,North
2294.0,0.050389815,North
2295.0,0.050369598,North
2296.0,0.050350215,North
2297.0,0.050330933,North
2298.0,0.05031183,North
2299.0,0.050292157,North
2300.0,0.05027241,North
2301.0,0.05025292,North
2302.0,0.050233558,North
2303.0,0.050213985,North
2304.0,0.050194185,North
2305.0,0.050174534,North
2306.0,0.05015531,North
2307.0,0.050135396,North
2308.0,0.050124392,North
2309.0,0.050104294,North
2310.0,0.050084088,North
2311.0,0.05006413,North
2312.0,0.050044663,North
2313.0,0.050024983,North
2314.0,0.050005607,North
2315.0,0.0499856,North
2316.0,0.049965493,North
2317.0,0.049945444,North
2318.0,0.04993688,North
2319.0,0.04991682,North
2320.0,0.04989712,North
2321.0,0.049877476,North
2322.0,0.049857713,North
2323.0,0.049837947,North
2324.0,0.049818352,North
2325.0,0.049798213,North
2326.0,0.049778186,North
2327.0,0.04975824,North
2328.0,0.049743474,North
2329.0,0.049723845,North
2330.0,0.049705688,North
2331.0,0.04968654,North
2332.0,0.049669098,North
2333.0,0.04964941,North
2334.0,0.049630232,North
2335.0,0.04961099,North
2336.0,0.049592357,North
2337.0,0.049573526,North
2338.0,0.049564965,North
2339.0,0.04954575,North
2340.0,0.049527764,North
2341.0,0.049508404,North
2342.0,0.049489718,North
2343.0,0.049470365,North
2344.0,0.049450852,North
2345.0,0.049431473,North
2346.0,0.049413357,North
2347.0,0.049393866,North
2348.0,0.049384262,North
2349.0,0.049364917,North
2350.0,0.04934606,North
2351.0,0.049326766,North
2352.0,0.0493073,North
2353.0,0.049287744,North
2354.0,0.049268298,North
2355.0,0.04924876,North
2356.0,0.04922957,North
2357.0,0.049210202,North
2358.0,0.049191203,North
2359.0,0.04917166,North
2360.0,0.049152277,North
2361.0,0.04913284,North
2362.0,0.049113363,North
2363.0,0.049093958,North
2364.0,0.049074568,North
2365.0,0.049055334,North
2366.0,0.049036656,North
2367.0,0.049017135,North
2368.0,0.04900502,North
2369.0,0.048985735,North
2370.0,0.04896637,North
2371.0,0.048947185,North
2372.0,0.048928317,North
2373.0,0.048909076,North
2374.0,0.048890136,North
2375.0,0.048870906,North
2376.0,0.048852164,North
2377.0,0.048833065,North
2378.0,0.04881986,North
2379.0,0.048801094,North
2380.0,0.04878213,North
2381.0,0.048763223,North
2382.0,0.048744228,North
2383.0,0.04872553,North
2384.0,0.048706815,North
2385.0,0.048688173,North
2386.0,0.048669375,North
2387.0,0.0486507,North
2388.0,0.04863655,North
2389.0,0.048617803,North
2390.0,0.048599053,North
2391.0,0.048580084,North
2392.0,0.048560884,North
2393.0,0.048542026,North
2394.0,0.04852333,North
2395.0,0.04850449,North
2396.0,0.04848569,North
2397.0,0.048466988,North
2398.0,0.048459817,North
2399.0,0.048441257,North
2400.0,0.04842285,North
2401.0,0.048403896,North
2402.0,0.048385575,North
2403.0,0.04836676,North
2404.0,0.048348267,North
2405.0,0.048329655,North
2406.0,0.048311446,North
2407.0,0.048292868,North
2408.0,0.04828395,North
2409.0,0.048265442,North
2410.0,0.048246782,North
2411.0,0.048228465,North
2412.0,0.048210412,North
2413.0,0.04819169,North
2414.0,0.048173107,North
2415.0,0.04815469,North
2416.0,0.048137013,North
2417.0,0.04811852,North
2418.0,0.04810044,North
2419.0,0.0480821,North
2420.0,0.04806383,North
2421.0,0.048045613,North
2422.0,0.048027243,North
2423.0,0.04800876,North
2424.0,0.047990803,North
2425.0,0.047972146,North
2426.0,0.047953848,North
2427.0,0.04793529,North
2428.0,0.04792905,North
2429.0,0.047910783,North
2430.0,0.047892317,North
2431.0,0.04787395,North
2432.0,0.04785674,North
2433.0,0.047838576,North
2434.0,0.047820244,North
2435.0,0.04780235,North
2436.0,0.047785174,North
2437.0,0.0477668,North
2438.0,0.047759026,North
2439.0,0.047741182,North
2440.0,0.04772435,North
2441.0,0.047707945,North
2442.0,0.047691677,North
2443.0,0.047675032,North
2444.0,0.04765805,North
2445.0,0.04764025,North
2446.0,0.047622696,North
2447.0,0.047604572,North
2448.0,0.04759251,North
2449.0,0.047574468,North
2450.0,0.04755708,North
2451.0,0.04753926,North
2452.0,0.047521472,North
2453.0,0.047504067,North
2454.0,0.047486994,North
2455.0,0.04746916,North
2456.0,0.047451094,North
2457.0,0.047433108,North
2458.0,0.047421552,North
2459.0,0.0474035,North
2460.0,0.047385406,North
2461.0,0.04736718,North
2462.0,0.047349412,North
2463.0,0.047332466,North
2464.0,0.047315717,North
2465.0,0.047298174,North
2466.0,0.04728065,North
2467.0,0.04726287,North
2468.0,0.047253244,North
2469.0,0.047235873,North
2470.0,0.047218896,North
2471.0,0.047202513,North
2472.0,0.047185577,North
2473.0,0.047167767,North
2474.0,0.04715059,North
2475.0,0.04713331,North
2476.0,0.047118258,North
2477.0,0.047101494,North
2478.0,0.047085468,North
2479.0,0.047068108,North
2480.0,0.047050837,North
2481.0,0.047033615,North
2482.0,0.047016382,North
2483.0,0.046998877,North
2484.0,0.04698116,North
2485.0,0.046963457,North
2486.0,0.046946354,North
2487.0,0.046929143,North
2488.0,0.0469266,North
2489.0,0.046909608,North
2490.0,0.046892285,North
2491.0,0.04687542,North
2492.0,0.046859216,North
2493.0,0.04684217,North
2494.0,0.04682543,North
2495.0,0.046808936,North
2496.0,0.046792123,North
2497.0,0.046775367,North
2498.0,0.046766613,North
2499.0,0.046749447,North
2500.0,0.04673259,North
2501.0,0.04671544,North
2502.0,0.04669826,North
2503.0,0.046680972,North
2504.0,0.046664033,North
2505.0,0.046646927,North
2506.0,0.04662975,North
2507.0,0.04661216,North
2508.0,0.046609864,North
2509.0,0.04659257,North
2510.0,0.046575397,North
2511.0,0.04655828,North
2512.0,0.04654088,North
2513.0,0.04652338,North
2514.0,0.046506226,North
2515.0,0.046488754,North
2516.0,0.04647177,North
2517.0,0.04645469,North
2518.0,0.046455782,North
2519.0,0.046438646,North
2520.0,0.046421528,North
2521.0,0.046404555,North
2522.0,0.046387494,North
2523.0,0.04637074,North
2524.0,0.04635362,North
2525.0,0.046336535,North
2526.0,0.046319377,North
2527.0,0.04630248,North
2528.0,0.046297688,North
2529.0,0.046280567,North
2530.0,0.046263278,North
2531.0,0.04624622,North
2532.0,0.046229206,North
2533.0,0.046212252,North
2534.0,0.046195492,North
2535.0,0.04617865,North
2536.0,0.046161965,North
2537.0,0.04614511,North
2538.0,0.04612985,North
2539.0,0.04611341,North
2540.0,0.04609709,North
2541.0,0.04608018,North
2542.0,0.04606414,North
2543.0,0.046047643,North
2544.0,0.046030853,North
2545.0,0.04601416,North
2546.0,0.04599767,North
2547.0,0.045981556,North
2548.0,0.045977596,North
2549.0,0.04596178,North
2550.0,0.04594525,North
2551.0,0.04592944,North
2552.0,0.04591307,North
2553.0,0.045896944,North
2554.0,0.045880698,North
2555.0,0.045864824,North
2556.0,0.045850355,North
2557.0,0.045834024,North
2558.0,0.04590038,North
2559.0,0.045883924,North
2560.0,0.045867447,North
2561.0,0.045850705,North
2562.0,0.045834083,North
2563.0,0.045817897,North
2564.0,0.045801394,North
2565.0,0.045784865,North
2566.0,0.045768682,North
2567.0,0.045752093,North
2568.0,0.045735765,North
2569.0,0.0457196,North
2570.0,0.04570342,North
2571.0,0.045686956,North
2572.0,0.045671187,North
2573.0,0.0456551,North
2574.0,0.045639034,North
2575.0,0.0456226,North
2576.0,0.045606323,North
2577.0,0.04559004,North
2578.0,0.045573678,North
2579.0,0.045557596,North
2580.0,0.045541614,North
2581.0,0.045525733,North
2582.0,0.045511637,North
2583.0,0.04549574,North
2584.0,0.04548028,North
2585.0,0.045464344,North
2586.0,0.04544869,North
2587.0,0.045434024,North
2588.0,0.045418847,North
2589.0,0.04540255,North
2590.0,0.04538724,North
2591.0,0.045371667,North
2592.0,0.045356166,North
2593.0,0.04534126,North
2594.0,0.045326002,North
2595.0,0.045310207,North
2596.0,0.045294125,North
2597.0,0.04527798,North
2598.0,0.045262665,North
2599.0,0.04524654,North
2600.0,0.045230735,North
2601.0,0.045214955,North
2602.0,0.04520003,North
2603.0,0.045185875,North
2604.0,0.04517083,North
2605.0,0.045155127,North
2606.0,0.04514024,North
2607.0,0.045125008,North
2608.0,0.04510985,North
2609.0,0.04509437,North
2610.0,0.045078658,North
2611.0,0.045062725,North
2612.0,0.045046728,North
2613.0,0.04503128,North
2614.0,0.04501613,North
2615.0,0.04500029,North
2616.0,0.044985756,North
2617.0,0.044971336,North
2618.0,0.044956855,North
2619.0,0.044942178,North
2620.0,0.04492709,North
2621.0,0.044911537,North
2622.0,0.044896152,North
2623.0,0.04488029,North
2624.0,0.04486461,North
2625.0,0.044849128,North
2626.0,0.04483396,North
2627.0,0.04481846,North
2628.0,0.044802666,North
2629.0,0.044787627,North
2630.0,0.044773217,North
2631.0,0.04475784,North
2632.0,0.04474309,North
2633.0,0.044727795,North
2634.0,0.044712435,North
2635.0,0.04469676,North
2636.0,0.044681385,North
2637.0,0.04466553,North
2638.0,0.044650152,North
2639.0,0.04463467,North
2640.0,0.044619434,North
2641.0,0.044604067,North
2642.0,0.044588897,North
2643.0,0.044573415,North
2644.0,0.044558216,North
2645.0,0.044543095,North
2646.0,0.044528086,North
2647.0,0.044512667,North
2648.0,0.044497102,North
2649.0,0.044481725,North
2650.0,0.04446612,North
2651.0,0.044450294,North
2652.0,0.04443482,North
2653.0,0.04441923,North
2654.0,0.044404082,North
2655.0,0.044388477,North
2656.0,0.04437313,North
2657.0,0.04435797,North
2658.0,0.044342592,North
2659.0,0.044327274,North
2660.0,0.044311978,North
2661.0,0.04429658,North
2662.0,0.044281237,North
2663.0,0.044265766,North
2664.0,0.044250246,North
2665.0,0.044234917,North
2666.0,0.044219494,North
2667.0,0.0442043,North
2668.0,0.044189118,North
2669.0,0.044174097,North
2670.0,0.044159185,North
2671.0,0.04414405,North
2672.0,0.04412884,North
2673.0,0.04411358,North
2674.0,0.04409859,North
2675.0,0.044083267,North
2676.0,0.04406881,North
2677.0,0.044053912,North
2678.0,0.044038896,North
2679.0,0.044023916,North
2680.0,0.04400948,North
2681.0,0.04399537,North
2682.0,0.043981336,North
2683.0,0.043966487,North
2684.0,0.0439517,North
2685.0,0.043937355,North
2686.0,0.04392281,North
2687.0,0.043907836,North
2688.0,0.04389263,North
2689.0,0.043877777,North
2690.0,0.043863233,North
2691.0,0.043848556,North
2692.0,0.04383441,North
2693.0,0.043820124,North
2694.0,0.0438056,North
2695.0,0.043790974,North
2696.0,0.043776356,North
2697.0,0.043761693,North
2698.0,0.043747142,North
2699.0,0.043732755,North
2700.0,0.04371832,North
2701.0,0.043703705,North
2702.0,0.043688823,North
2703.0,0.0436741,North
2704.0,0.043659974,North
2705.0,0.043645322,North
2706.0,0.043630913,North
2707.0,0.043616526,North
2708.0,0.043602493,North
2709.0,0.043588195,North
2710.0,0.04357443,North
2711.0,0.043560907,North
2712.0,0.043546878,North
2713.0,0.043532923,North
2714.0,0.043519,North
2715.0,0.043504942,North
2716.0,0.043490764,North
2717.0,0.043476626,North
2718.0,0.043462925,North
2719.0,0.043448497,North
2720.0,0.04343433,North
2721.0,0.043419972,North
2722.0,0.043406144,North
2723.0,0.043392338,North
2724.0,0.043378476,North
2725.0,0.04336382,North
2726.0,0.043349538,North
2727.0,0.043335114,North
2728.0,0.04332092,North
2729.0,0.043307014,North
2730.0,0.043293074,North
2731.0,0.043280315,North
2732.0,0.043266818,North
2733.0,0.04325305,North
2734.0,0.043240268,North
2735.0,0.043226436,North
2736.0,0.043212418,North
2737.0,0.043197893,North
2738.0,0.043183755,North
2739.0,0.043169472,North
2740.0,0.043155104,North
2741.0,0.043140687,North
2742.0,0.0431267,North
2743.0,0.043112576,North
2744.0,0.04309865,North
2745.0,0.04308406,North
2746.0,0.04307112,North
2747.0,0.04305913,North
2748.0,0.043065604,North
2749.0,0.04305381,North
2750.0,0.043043755,North
2751.0,0.043032177,North
2752.0,0.043020893,North
2753.0,0.043013908,North
2754.0,0.043003973,North
2755.0,0.04299134,North
2756.0,0.042981196,North
2757.0,0.042969797,North
2758.0,0.042961594,North
2759.0,0.042950902,North
2760.0,0.04293947,North
2761.0,0.04292757,North
2762.0,0.04304909,North
2763.0,0.043488972,North
2764.0,0.043773852,North
2765.0,0.04409936,North
2766.0,0.044497196,North
2767.0,0.044606823,North
2768.0,0.04485551,North
2769.0,0.045077458,North
2770.0,0.045225006,North
2771.0,0.045440212,North
2772.0,0.045750733,North
2773.0,0.045737397,North
2774.0,0.04572282,North
2775.0,0.04570749,North
2776.0,0.045692608,North
2777.0,0.045677483,North
2778.0,0.04566233,North
2779.0,0.045647115,North
2780.0,0.04563218,North
2781.0,0.04561692,North
2782.0,0.045601897,North
2783.0,0.045586973,North
2784.0,0.045572594,North
2785.0,0.045557387,North
2786.0,0.04554261,North
2787.0,0.04552754,North
2788.0,0.045512952,North
2789.0,0.045497917,North
2790.0,0.04548327,North
2791.0,0.045468785,North
2792.0,0.045454297,North
2793.0,0.04543938,North
2794.0,0.045424692,North
2795.0,0.045409784,North
2796.0,0.045395393,North
2797.0,0.04538034,North
2798.0,0.045365546,North
2799.0,0.045350578,North
2800.0,0.045335636,North
2801.0,0.045320727,North
2802.0,0.045305893,North
2803.0,0.045291238,North
2804.0,0.0452764,North
2805.0,0.045261446,North
2806.0,0.045246944,North
2807.0,0.04523215,North
2808.0,0.04521796,North
2809.0,0.045203116,North
2810.0,0.045188565,North
2811.0,0.04517393,North
2812.0,0.04515952,North
2813.0,0.04514489,North
2814.0,0.045131214,North
2815.0,0.045116305,North
2816.0,0.045101985,North
2817.0,0.045087382,North
2818.0,0.04507287,North
2819.0,0.04505813,North
2820.0,0.045044065,North
2821.0,0.04502964,North
2822.0,0.04501537,North
2823.0,0.045000914,North
2824.0,0.044986323,North
2825.0,0.044971555,North
2826.0,0.04495765,North
2827.0,0.04494281,North
2828.0,0.044928737,North
2829.0,0.04491419,North
2830.0,0.04490107,North
2831.0,0.04488662,North
2832.0,0.04487231,North
2833.0,0.044857666,North
2834.0,0.04484353,North
2835.0,0.044828933,North
2836.0,0.04481546,North
2837.0,0.044803515,North
2838.0,0.044794776,North
2839.0,0.044810355,North
2840.0,0.044826098,North
2841.0,0.04485489,North
2842.0,0.044842143,North
2843.0,0.04501104,North
2844.0,0.044998933,North
2845.0,0.044984974,North
2846.0,0.044974223,North
2847.0,0.04496119,North
2848.0,0.044949044,North
2849.0,0.044935588,North
2850.0,0.044922967,North
2851.0,0.044908814,North
2852.0,0.044895478,North
2853.0,0.044881105,North
2854.0,0.04486735,North
2855.0,0.04485308,North
2856.0,0.044839006,North
2857.0,0.04482465,North
2858.0,0.044810575,North
2859.0,0.044796262,North
2860.0,0.0447822,North
2861.0,0.044768024,North
2862.0,0.044753913,North
2863.0,0.044739798,North
2864.0,0.044728808,North
2865.0,0.044743396,North
2866.0,0.044730596,North
2867.0,0.044716436,North
2868.0,0.044702794,North
2869.0,0.04468873,North
2870.0,0.044674788,North
2871.0,0.044660922,North
2872.0,0.044647537,North
2873.0,0.044633318,North
2874.0,0.044621643,North
2875.0,0.044609305,North
2876.0,0.044596303,North
2877.0,0.0445831,North
2878.0,0.044570044,North
2879.0,0.044556294,North
2880.0,0.044543944,North
2881.0,0.0445304,North
2882.0,0.044516888,North
2883.0,0.04450408,North
2884.0,0.04449361,North
2885.0,0.044480026,North
2886.0,0.04446682,North
2887.0,0.044452578,North
2888.0,0.044438735,North
2889.0,0.044426676,North
2890.0,0.044413287,North
2891.0,0.044399362,North
2892.0,0.04438566,North
2893.0,0.04437135,North
2894.0,0.04435722,North
2895.0,0.04434319,North
2896.0,0.04432954,North
2897.0,0.044315327,North
2898.0,0.044301283,North
2899.0,0.04428729,North
2900.0,0.044273183,North
2901.0,0.044259537,North
2902.0,0.0442463,North
2903.0,0.044233415,North
2904.0,0.044221878,North
2905.0,0.044208106,North
2906.0,0.044195645,North
2907.0,0.044181578,North
2908.0,0.04416781,North
2909.0,0.044153806,North
2910.0,0.044140153,North
2911.0,0.044126436,North
2912.0,0.044112936,North
2913.0,0.044098917,North
2914.0,0.044085275,North
2915.0,0.044071246,North
2916.0,0.044057585,North
2917.0,0.044043466,North
2918.0,0.044029802,North
2919.0,0.044015955,North
2920.0,0.044002626,North
2921.0,0.043988764,North
2922.0,0.043975465,North
2923.0,0.043962196,North
2924.0,0.043949675,North
2925.0,0.04393567,North
2926.0,0.0439219,North
2927.0,0.043908134,North
2928.0,0.043894585,North
2929.0,0.04388059,North
2930.0,0.043866966,North
2931.0,0.0438535,North
2932.0,0.04383972,North
2933.0,0.04382602,North
2934.0,0.043812077,North
2935.0,0.04379852,North
2936.0,0.04378525,North
2937.0,0.043771528,North
2938.0,0.043757685,North
2939.0,0.043743905,North
2940.0,0.043730333,North
2941.0,0.043716647,North
2942.0,0.043703035,North
2943.0,0.043689404,North
2944.0,0.04367607,North
2945.0,0.043662418,North
2946.0,0.043649226,North
2947.0,0.043635506,North
2948.0,0.043622237,North
2949.0,0.043608584,North
2950.0,0.043595396,North
2951.0,0.043582156,North
2952.0,0.043569203,North
2953.0,0.043555725,North
2954.0,0.043542936,North
2955.0,0.0435295,North
2956.0,0.04351665,North
2957.0,0.043503236,North
2958.0,0.043490127,North
2959.0,0.043476854,North
2960.0,0.043463845,North
2961.0,0.04345051,North
2962.0,0.043437507,North
2963.0,0.043424018,North
2964.0,0.043411016,North
2965.0,0.043397535,North
2966.0,0.043385006,North
2967.0,0.043371882,North
2968.0,0.043359257,North
2969.0,0.043346167,North
2970.0,0.043333557,North
2971.0,0.0433205,North
2972.0,0.043307956,North
2973.0,0.043294795,North
2974.0,0.04328185,North
2975.0,0.04326837,North
2976.0,0.043255325,North
2977.0,0.04324222,North
2978.0,0.04322945,North
2979.0,0.043219022,North
2980.0,0.04320614,North
2981.0,0.043192778,North
2982.0,0.043180045,North
2983.0,0.043166865,North
2984.0,0.04315386,North
2985.0,0.043140355,North
2986.0,0.043127205,North
2987.0,0.04311378,North
2988.0,0.043100473,North
2989.0,0.043087345,North
2990.0,0.043074675,North
2991.0,0.043061495,North
2992.0,0.043048512,North
2993.0,0.04303528,North
2994.0,0.04302253,North
2995.0,0.043009233,North
2996.0,0.042996034,North
2997.0,0.042982828,North
2998.0,0.042969663,North
2999.0,0.042956457,North
3000.0,0.042943634,North
3001.0,0.042930484,North
3002.0,0.042917434,North
3003.0,0.042904194,North
3004.0,0.04289146,North
3005.0,0.042878162,North
3006.0,0.04286517,North
3007.0,0.042852085,North
3008.0,0.042839244,North
3009.0,0.042826112,North
3010.0,0.042812932,North
3011.0,0.04279969,North
3012.0,0.042786572,North
3013.0,0.04277348,North
3014.0,0.04276056,North
3015.0,0.042747263,North
3016.0,0.042734306,North
3017.0,0.042721216,North
3018.0,0.042708784,North
3019.0,0.04269578,North
3020.0,0.042682737,North
3021.0,0.04266951,North
3022.0,0.042656668,North
3023.0,0.042643737,North
3024.0,0.042631008,North
3025.0,0.042618096,North
3026.0,0.04260528,North
3027.0,0.04259231,North
3028.0,0.042579655,North
3029.0,0.04256676,North
3030.0,0.042553872,North
3031.0,0.0425412,North
3032.0,0.04252867,North
3033.0,0.042515848,North
3034.0,0.04250341,North
3035.0,0.042490568,North
3036.0,0.042477738,North
3037.0,0.042464804,North
3038.0,0.0424524,North
3039.0,0.04244503,North
3040.0,0.04243271,North
3041.0,0.04242165,North
3042.0,0.042410214,North
3043.0,0.04239872,North
3044.0,0.04238678,North
3045.0,0.042374104,North
3046.0,0.042361755,North
3047.0,0.042348832,North
3048.0,0.042336307,North
3049.0,0.04232411,North
3050.0,0.042312287,North
3051.0,0.042299673,North
3052.0,0.042287473,North
3053.0,0.042274922,North
3054.0,0.04226273,North
3055.0,0.04225012,North
3056.0,0.042238675,North
3057.0,0.042226225,North
3058.0,0.04221384,North
3059.0,0.0422015,North
3060.0,0.04218908,North
3061.0,0.042176314,North
3062.0,0.042163868,North
3063.0,0.042151175,North
3064.0,0.04213856,North
3065.0,0.042126067,North
3066.0,0.04211373,North
3067.0,0.042101093,North
3068.0,0.042088788,North
3069.0,0.0420764,North
3070.0,0.042064037,North
3071.0,0.042051423,North
3072.0,0.042039644,North
3073.0,0.042027123,North
3074.0,0.04201482,North
3075.0,0.04200243,North
3076.0,0.041990165,North
3077.0,0.041977663,North
3078.0,0.04196519,North
3079.0,0.04195291,North
3080.0,0.041940715,North
3081.0,0.0419283,North
3082.0,0.04191642,North
3083.0,0.0419041,North
3084.0,0.0418923,North
3085.0,0.041880112,North
3086.0,0.041868106,North
3087.0,0.041855752,North
3088.0,0.0418436,North
3089.0,0.041832216,North
3090.0,0.041820195,North
3091.0,0.041807953,North
3092.0,0.041795995,North
3093.0,0.04178394,North
3094.0,0.041771818,North
3095.0,0.041759368,North
3096.0,0.04174753,North
3097.0,0.04173523,North
3098.0,0.0417234,North
3099.0,0.041720003,North
3100.0,0.04170801,North
3101.0,0.041695733,North
3102.0,0.04168351,North
3103.0,0.041671343,North
3104.0,0.0416593,North
3105.0,0.041647166,North
3106.0,0.041635253,North
3107.0,0.04162318,North
3108.0,0.04161818,North
3109.0,0.041606147,North
3110.0,0.041594226,North
3111.0,0.04158311,North
3112.0,0.041572336,North
3113.0,0.041561436,North
3114.0,0.04155023,North
3115.0,0.041538488,North
3116.0,0.04152675,North
3117.0,0.041514914,North
3118.0,0.041503455,North
3119.0,0.04149163,North
3120.0,0.041480474,North
3121.0,0.04146824,North
3122.0,0.041456204,North
3123.0,0.041444704,North
3124.0,0.04143408,North
3125.0,0.04142243,North
3126.0,0.041411173,North
3127.0,0.041399125,North
3128.0,0.041392196,North
3129.0,0.04138026,North
3130.0,0.04136838,North
3131.0,0.041356422,North
3132.0,0.041344486,North
3133.0,0.041332696,North
3134.0,0.041320894,North
3135.0,0.041309226,North
3136.0,0.04129895,North
3137.0,0.0412879,North
3138.0,0.04127756,North
3139.0,0.041265678,North
3140.0,0.04125491,North
3141.0,0.041243143,North
3142.0,0.04123208,North
3143.0,0.041220285,North
3144.0,0.041208673,North
3145.0,0.04119689,North
3146.0,0.04118509,North
3147.0,0.041173197,North
3148.0,0.041168436,North
3149.0,0.041157145,North
3150.0,0.041147273,North
3151.0,0.04113523,North
3152.0,0.041123368,North
3153.0,0.04111146,North
3154.0,0.04109968,North
3155.0,0.041087713,North
3156.0,0.04107596,North
3157.0,0.041064184,North
3158.0,0.041062914,North
3159.0,0.041051153,North
3160.0,0.04103985,North
3161.0,0.041028008,North
3162.0,0.041016653,North
3163.0,0.041004736,North
3164.0,0.040993217,North
3165.0,0.040981963,North
3166.0,0.040970642,North
3167.0,0.040958874,North
3168.0,0.040953264,North
3169.0,0.040941305,North
3170.0,0.040929884,North
3171.0,0.040918104,North
3172.0,0.04090677,North
3173.0,0.040895086,North
3174.0,0.040883347,North
3175.0,0.04087155,North
3176.0,0.040859766,North
3177.0,0.040847924,North
3178.0,0.040841896,North
3179.0,0.04083006,North
3180.0,0.04081831,North
3181.0,0.04080649,North
3182.0,0.04079534,North
3183.0,0.04078367,North
3184.0,0.040771924,North
3185.0,0.040760092,North
3186.0,0.040748477,North
3187.0,0.040736675,North
3188.0,0.040731326,North
3189.0,0.040719483,North
3190.0,0.040707942,North
3191.0,0.04069605,North
3192.0,0.04068442,North
3193.0,0.040672485,North
3194.0,0.04066098,North
3195.0,0.040649317,North
3196.0,0.040637933,North
3197.0,0.040626194,North
3198.0,0.040614795,North
3199.0,0.040603075,North
3200.0,0.040591702,North
3201.0,0.04058002,North
3202.0,0.040568437,North
3203.0,0.040556837,North
3204.0,0.040545754,North
3205.0,0.04053408,North
3206.0,0.040522736,North
3207.0,0.040511306,North
3208.0,0.04050974,North
3209.0,0.040499944,North
3210.0,0.040489573,North
3211.0,0.0404785,North
3212.0,0.040467136,North
3213.0,0.040455572,North
3214.0,0.040444117,North
3215.0,0.040432572,North
3216.0,0.040421423,North
3217.0,0.04041014,North
3218.0,0.04041195,North
3219.0,0.040400404,North
3220.0,0.040389176,North
3221.0,0.040377647,North
3222.0,0.040366065,North
3223.0,0.040354483,North
3224.0,0.040342893,North
3225.0,0.04033131,North
3226.0,0.04032004,North
3227.0,0.040308695,North
3228.0,0.04029814,North
3229.0,0.040286727,North
3230.0,0.040275626,North
3231.0,0.04026415,North
3232.0,0.040252827,North
3233.0,0.04024148,North
3234.0,0.040230192,North
3235.0,0.04021895,North
3236.0,0.040208038,North
3237.0,0.040196583,North
3238.0,0.040185552,North
3239.0,0.040174183,North
3240.0,0.04016292,North
3241.0,0.040151685,North
3242.0,0.040140357,North
3243.0,0.040128976,North
3244.0,0.04011763,North
3245.0,0.04010653,North
3246.0,0.04009548,North
3247.0,0.040084306,North
3248.0,0.040076774,North
3249.0,0.040065624,North
3250.0,0.040055007,North
3251.0,0.04004376,North
3252.0,0.04003271,North
3253.0,0.040021468,North
3254.0,0.040010847,North
3255.0,0.040000804,North
3256.0,0.039990705,North
3257.0,0.039980136,North
3258.0,0.039970204,North
3259.0,0.039959192,North
3260.0,0.039948452,North
3261.0,0.039937496,North
3262.0,0.039926615,North
3263.0,0.03991567,North
3264.0,0.039904468,North
3265.0,0.039893284,North
3266.0,0.03988273,North
3267.0,0.03987181,North
3268.0,0.03986522,North
3269.0,0.03985402,North
3270.0,0.039843366,North
3271.0,0.0398321,North
3272.0,0.039821107,North
3273.0,0.039809998,North
3274.0,0.03979906,North
3275.0,0.039788205,North
3276.0,0.03977746,North
3277.0,0.03976633,North
3278.0,0.039765388,North
3279.0,0.03975448,North
3280.0,0.039743636,North
3281.0,0.039732527,North
3282.0,0.039721668,North
3283.0,0.039710477,North
3284.0,0.03969931,North
3285.0,0.03968801,North
3286.0,0.039677087,North
3287.0,0.03966608,North
3288.0,0.03966065,North
3289.0,0.039649602,North
3290.0,0.03963876,North
3291.0,0.039627764,North
3292.0,0.03961685,North
3293.0,0.039605774,North
3294.0,0.03959492,North
3295.0,0.039583914,North
3296.0,0.039573006,North
3297.0,0.0395622,North
3298.0,0.039556563,North
3299.0,0.039545905,North
3300.0,0.039535597,North
3301.0,0.0395246,North
3302.0,0.039514024,North
3303.0,0.039505076,North
3304.0,0.039495017,North
3305.0,0.039484154,North
3306.0,0.03947364,North
3307.0,0.03946281,North
3308.0,0.03946064,North
3309.0,0.039449863,North
3310.0,0.03943912,North
3311.0,0.039428238,North
3312.0,0.0394176,North
3313.0,0.03940676,North
3314.0,0.03939626,North
3315.0,0.039385185,North
3316.0,0.039374392,North
3317.0,0.039363585,North
3318.0,0.039352875,North
3319.0,0.039341956,North
3320.0,0.03933167,North
3321.0,0.039320994,North
3322.0,0.039311036,North
3323.0,0.039300296,North
3324.0,0.039289873,North
3325.0,0.03927972,North
3326.0,0.03926941,North
3327.0,0.039258666,North
3328.0,0.03925385,North
3329.0,0.039243184,North
3330.0,0.039232593,North
3331.0,0.039221857,North
3332.0,0.03921112,North
3333.0,0.039200407,North
3334.0,0.039189655,North
3335.0,0.03917886,North
3336.0,0.039168146,North
3337.0,0.039157372,North
3338.0,0.039156355,North
3339.0,0.039145626,North
3340.0,0.039134815,North
3341.0,0.03912417,North
3342.0,0.039113376,North
3343.0,0.039102603,North
3344.0,0.039091945,North
3345.0,0.03908127,North
3346.0,0.039070718,North
3347.0,0.039060075,North
3348.0,0.039055057,North
3349.0,0.039044436,North
3350.0,0.03903394,North
3351.0,0.039023258,North
3352.0,0.039012436,North
3353.0,0.039001644,North
3354.0,0.038991004,North
3355.0,0.038980342,North
3356.0,0.038969893,North
3357.0,0.03895919,North
3358.0,0.038952604,North
3359.0,0.038942132,North
3360.0,0.038931824,North
3361.0,0.03892122,North
3362.0,0.03891081,North
3363.0,0.038900405,North
3364.0,0.038891435,North
3365.0,0.03888112,North
3366.0,0.03887132,North
3367.0,0.03886122,North
3368.0,0.038859878,North
3369.0,0.0388497,North
3370.0,0.03883969,North
3371.0,0.03882932,North
3372.0,0.038819484,North
3373.0,0.038808953,North
3374.0,0.038798794,North
3375.0,0.038788322,North
3376.0,0.038778048,North
3377.0,0.03876761,North
3378.0,0.038757723,North
3379.0,0.038747128,North
3380.0,0.03873687,North
3381.0,0.038726278,North
3382.0,0.038716312,North
3383.0,0.038706012,North
3384.0,0.038695868,North
3385.0,0.0386852,North
3386.0,0.038675245,North
3387.0,0.0386646,North
